{"Version":"0.0.0","Data":{"PlayerInventory":"{\"Version\":\"0.0.0\",\"QuickSelect\":{\"Version\":\"0.0.0\",\"Slots\":[{\"ItemId\":379,\"Age\":72.4970856},{\"ItemId\":443,\"Age\":72.4970856},{\"ItemId\":393,\"Age\":72.4970856},{\"ItemId\":459,\"Age\":72.4970856},{\"ItemId\":465,\"Age\":72.4970856},{\"ItemId\":476,\"Age\":2980.854},{\"ItemId\":529,\"Age\":72.4970856},{\"ItemId\":440,\"Age\":72.4970856},{\"ItemId\":589,\"Age\":72.4970856}]},\"EquippedItems\":[{\"ItemId\":444,\"Modules\":[{\"RecipeId\":-1,\"CurrentVolume\":892,\"Version\":\"0.0.0\",\"ModuleId\":7}]}],\"ItemInstanceManagerData\":{\"Version\":\"0.0.0\",\"ItemBlocks\":[{\"ItemId\":402,\"TotalCount\":1,\"UniqueItems\":[{\"Modules\":[{\"Version\":\"0.0.0\"}]}]},{\"ItemId\":380,\"TotalCount\":1,\"UniqueItems\":[{\"Modules\":[{\"ChannelWeights\":{\"x\":1.401298E-45,\"y\":1.401298E-45,\"z\":1.401298E-45,\"w\":1.401298E-45},\"Version\":\"0.0.0\"}]}]},{\"ItemId\":351,\"TotalCount\":1,\"UniqueItems\":[]},{\"ItemId\":552,\"TotalCount\":1,\"UniqueItems\":[]},{\"ItemId\":486,\"TotalCount\":1,\"UniqueItems\":[]},{\"ItemId\":419,\"TotalCount\":16,\"UniqueItems\":[]},{\"ItemId\":362,\"TotalCount\":16,\"UniqueItems\":[]},{\"ItemId\":440,\"TotalCount\":10,\"UniqueItems\":[]},{\"ItemId\":446,\"TotalCount\":18,\"UniqueItems\":[]},{\"ItemId\":412,\"TotalCount\":1,\"UniqueItems\":[]},{\"ItemId\":413,\"TotalCount\":1,\"UniqueItems\":[]},{\"ItemId\":589,\"TotalCount\":1,\"UniqueItems\":[]},{\"ItemId\":392,\"TotalCount\":3,\"UniqueItems\":[]},{\"ItemId\":484,\"TotalCount\":715,\"UniqueItems\":[]},{\"ItemId\":396,\"TotalCount\":1,\"UniqueItems\":[{\"Modules\":[{\"RecipeId\":-1,\"CurrentVolume\":100,\"Version\":\"0.0.0\",\"ModuleId\":7},{\"Version\":\"0.0.0\"}]}]},{\"ItemId\":647,\"TotalCount\":1,\"UniqueItems\":[]},{\"ItemId\":449,\"TotalCount\":1,\"UniqueItems\":[]},{\"ItemId\":400,\"TotalCount\":4,\"UniqueItems\":[]},{\"ItemId\":453,\"TotalCount\":3,\"UniqueItems\":[]},{\"ItemId\":524,\"TotalCount\":3,\"UniqueItems\":[]},{\"ItemId\":432,\"TotalCount\":1,\"UniqueItems\":[]},{\"ItemId\":517,\"TotalCount\":1,\"UniqueItems\":[{\"Modules\":[{\"RecipeId\":-1,\"Version\":\"0.0.0\",\"ModuleId\":7}]}]},{\"ItemId\":450,\"TotalCount\":1,\"UniqueItems\":[]},{\"ItemId\":418,\"TotalCount\":16,\"UniqueItems\":[]},{\"ItemId\":403,\"TotalCount\":6,\"UniqueItems\":[]},{\"ItemId\":534,\"TotalCount\":1,\"UniqueItems\":[]},{\"ItemId\":454,\"TotalCount\":4,\"UniqueItems\":[]},{\"ItemId\":393,\"TotalCount\":10,\"UniqueItems\":[]},{\"ItemId\":443,\"TotalCount\":1,\"UniqueItems\":[{\"Modules\":[{\"AmmoType\":507,\"CurrentAmmo\":1,\"WeaponModIds\":[],\"Version\":\"0.0.0\",\"ModuleId\":4}]}]},{\"ItemId\":422,\"TotalCount\":1,\"UniqueItems\":[{\"Modules\":[{\"Version\":\"0.0.0\"}]}]},{\"ItemId\":479,\"TotalCount\":61,\"UniqueItems\":[]},{\"ItemId\":648,\"TotalCount\":1,\"UniqueItems\":[]},{\"ItemId\":523,\"TotalCount\":1,\"UniqueItems\":[]},{\"ItemId\":599,\"TotalCount\":10,\"UniqueItems\":[]},{\"ItemId\":452,\"TotalCount\":3,\"UniqueItems\":[]},{\"ItemId\":606,\"TotalCount\":2,\"UniqueItems\":[]},{\"ItemId\":459,\"TotalCount\":1,\"UniqueItems\":[{\"Modules\":[{\"AmmoType\":476,\"CurrentAmmo\":1,\"WeaponModIds\":[],\"Version\":\"0.0.0\",\"ModuleId\":4}]}]},{\"ItemId\":415,\"TotalCount\":5,\"UniqueItems\":[]},{\"ItemId\":465,\"TotalCount\":9,\"UniqueItems\":[]},{\"ItemId\":605,\"TotalCount\":2,\"UniqueItems\":[]},{\"ItemId\":529,\"TotalCount\":2,\"UniqueItems\":[{\"Modules\":[{\"IconIndex\":7,\"Version\":\"0.0.0\",\"ModuleId\":2}]},{\"Modules\":[{\"IconIndex\":7,\"Version\":\"0.0.0\",\"ModuleId\":2}]}]},{\"ItemId\":471,\"TotalCount\":1,\"UniqueItems\":[{\"Modules\":[{\"RecipeId\":-1,\"CurrentVolume\":90,\"Version\":\"0.0.0\",\"ModuleId\":7}]}]},{\"ItemId\":356,\"TotalCount\":1,\"UniqueItems\":[{\"Modules\":[{\"Version\":\"0.0.0\"}]}]},{\"ItemId\":651,\"TotalCount\":1,\"UniqueItems\":[]},{\"ItemId\":482,\"TotalCount\":1,\"UniqueItems\":[{\"Modules\":[{\"SourceActorType\":12,\"Version\":\"0.0.0\",\"ModuleId\":1},{\"CurrentState\":1,\"TimeRemainingInState\":78125.19,\"Version\":\"0.0.0\",\"ModuleId\":3}]}]},{\"ItemId\":604,\"TotalCount\":7,\"UniqueItems\":[]},{\"ItemId\":508,\"TotalCount\":1,\"UniqueItems\":[]},{\"ItemId\":502,\"TotalCount\":48,\"UniqueItems\":[]},{\"ItemId\":399,\"TotalCount\":1,\"UniqueItems\":[]},{\"ItemId\":527,\"TotalCount\":5,\"UniqueItems\":[]},{\"ItemId\":363,\"TotalCount\":4,\"UniqueItems\":[]},{\"ItemId\":613,\"TotalCount\":1,\"UniqueItems\":[]},{\"ItemId\":353,\"TotalCount\":1,\"UniqueItems\":[{\"Modules\":[{\"AmmoType\":369,\"WeaponModIds\":[],\"Version\":\"0.0.0\",\"ModuleId\":4}]}]},{\"ItemId\":379,\"TotalCount\":1,\"UniqueItems\":[{\"Modules\":[{\"ChannelWeights\":{\"x\":0.07999999,\"y\":0.07999999,\"z\":0.07999999,\"w\":0.07999999},\"Version\":\"0.0.0\"}]}]},{\"ItemId\":437,\"TotalCount\":6,\"UniqueItems\":[]},{\"ItemId\":495,\"TotalCount\":2,\"UniqueItems\":[]},{\"ItemId\":397,\"TotalCount\":1,\"UniqueItems\":[]},{\"ItemId\":369,\"TotalCount\":4,\"UniqueItems\":[]},{\"ItemId\":355,\"TotalCount\":1,\"UniqueItems\":[{\"Modules\":[{\"AmmoType\":362,\"CurrentAmmo\":12,\"WeaponModIds\":[608885360],\"Version\":\"0.0.0\",\"ModuleId\":4},{\"Version\":\"0.0.0\"}]}]},{\"ItemId\":476,\"TotalCount\":19,\"UniqueItems\":[]},{\"ItemId\":436,\"TotalCount\":1,\"UniqueItems\":[{\"Modules\":[{\"CurrentState\":4,\"TimeRemainingInState\":172800.0,\"PauseDecay\":true,\"Version\":\"0.0.0\",\"ModuleId\":3}]}]},{\"ItemId\":439,\"TotalCount\":3,\"UniqueItems\":[]},{\"ItemId\":441,\"TotalCount\":10,\"UniqueItems\":[]},{\"ItemId\":445,\"TotalCount\":9,\"UniqueItems\":[]},{\"ItemId\":480,\"TotalCount\":1,\"UniqueItems\":[{\"Modules\":[{\"SourceActorType\":14,\"Version\":\"0.0.0\",\"ModuleId\":1},{\"CurrentState\":1,\"TimeRemainingInState\":81886.9,\"PauseDecay\":true,\"Version\":\"0.0.0\",\"ModuleId\":3},{\"Version\":\"0.0.0\"}]}]},{\"ItemId\":481,\"TotalCount\":2,\"UniqueItems\":[{\"Modules\":[{\"SourceActorType\":14,\"Version\":\"0.0.0\",\"ModuleId\":1},{\"CurrentState\":1,\"TimeRemainingInState\":82017.5859,\"PauseDecay\":true,\"Version\":\"0.0.0\",\"ModuleId\":3},{\"Version\":\"0.0.0\"}]},{\"Modules\":[{\"Version\":\"0.0.0\"},{\"SourceActorType\":25,\"Version\":\"0.0.0\",\"ModuleId\":1},{\"CurrentState\":1,\"TimeRemainingInState\":8814.111,\"PauseDecay\":true,\"Version\":\"0.0.0\",\"ModuleId\":3}]}]},{\"ItemId\":507,\"TotalCount\":10,\"UniqueItems\":[]},{\"ItemId\":416,\"TotalCount\":2,\"UniqueItems\":[]},{\"ItemId\":466,\"TotalCount\":5,\"UniqueItems\":[]},{\"ItemId\":433,\"TotalCount\":1,\"UniqueItems\":[{\"Modules\":[{\"CurrentState\":3,\"TimeRemainingInState\":-2984.5835,\"Version\":\"0.0.0\",\"ModuleId\":3}]}]},{\"ItemId\":420,\"TotalCount\":1,\"UniqueItems\":[]},{\"ItemId\":381,\"TotalCount\":1,\"UniqueItems\":[]},{\"ItemId\":438,\"TotalCount\":3,\"UniqueItems\":[]},{\"ItemId\":496,\"TotalCount\":36,\"UniqueItems\":[]},{\"ItemId\":376,\"TotalCount\":1,\"UniqueItems\":[]},{\"ItemId\":410,\"TotalCount\":4,\"UniqueItems\":[]},{\"ItemId\":414,\"TotalCount\":3,\"UniqueItems\":[]},{\"ItemId\":504,\"TotalCount\":2,\"UniqueItems\":[]},{\"ItemId\":575,\"TotalCount\":1,\"UniqueItems\":[]},{\"ItemId\":553,\"TotalCount\":1,\"UniqueItems\":[]},{\"ItemId\":634,\"TotalCount\":2,\"UniqueItems\":[]},{\"ItemId\":635,\"TotalCount\":3,\"UniqueItems\":[]},{\"ItemId\":368,\"TotalCount\":3,\"UniqueItems\":[]},{\"ItemId\":373,\"TotalCount\":4,\"UniqueItems\":[]},{\"ItemId\":426,\"TotalCount\":1,\"UniqueItems\":[{\"Modules\":[{\"RecipeId\":-1,\"Version\":\"0.0.0\",\"ModuleId\":7}]}]},{\"ItemId\":618,\"TotalCount\":5,\"UniqueItems\":[]},{\"ItemId\":560,\"TotalCount\":2,\"UniqueItems\":[]},{\"ItemId\":364,\"TotalCount\":4,\"UniqueItems\":[]},{\"ItemId\":595,\"TotalCount\":20,\"UniqueItems\":[]},{\"ItemId\":598,\"TotalCount\":8,\"UniqueItems\":[]},{\"ItemId\":425,\"TotalCount\":1,\"UniqueItems\":[]},{\"ItemId\":421,\"TotalCount\":4,\"UniqueItems\":[]},{\"ItemId\":637,\"TotalCount\":1,\"UniqueItems\":[]},{\"ItemId\":434,\"TotalCount\":1,\"UniqueItems\":[]},{\"ItemId\":401,\"TotalCount\":7,\"UniqueItems\":[]},{\"ItemId\":650,\"TotalCount\":1,\"UniqueItems\":[]},{\"ItemId\":346,\"TotalCount\":1,\"UniqueItems\":[]}]}}"}}