{"Version":"0.0.0","Data":{"FreeFormFreeLinksManager":"{\"_supportingStructuresData\":[{\"Structure\":{\"_typeId\":3,\"_instanceId\":523},\"List\":[{\"_typeId\":41,\"_instanceId\":109}]},{\"Structure\":{\"_typeId\":3,\"_instanceId\":969},\"List\":[{\"_typeId\":41,\"_instanceId\":109}]},{\"Structure\":{\"_typeId\":3,\"_instanceId\":844},\"List\":[{\"_typeId\":41,\"_instanceId\":129}]},{\"Structure\":{\"_typeId\":3,\"_instanceId\":845},\"List\":[{\"_typeId\":41,\"_instanceId\":129}]},{\"Structure\":{\"_typeId\":3,\"_instanceId\":1073},\"List\":[{\"_typeId\":41,\"_instanceId\":128}]},{\"Structure\":{\"_typeId\":3,\"_instanceId\":1056},\"List\":[{\"_typeId\":41,\"_instanceId\":128}]}],\"_supportedByStructuresData\":[{\"Structure\":{\"_typeId\":41,\"_instanceId\":109},\"List\":[{\"_typeId\":3,\"_instanceId\":969},{\"_typeId\":3,\"_instanceId\":523}]},{\"Structure\":{\"_typeId\":41,\"_instanceId\":129},\"List\":[{\"_typeId\":3,\"_instanceId\":844},{\"_typeId\":3,\"_instanceId\":845}]},{\"Structure\":{\"_typeId\":41,\"_instanceId\":128},\"List\":[{\"_typeId\":3,\"_instanceId\":1073},{\"_typeId\":3,\"_instanceId\":1056}]}]}"}}