{"Version":"0.0.0","Data":{"PlayerState":"{\"_entries\":[{\"Name\":\"GotTutorialTarp\",\"BoolValue\":true},{\"Name\":\"isNewItemInInventory_00000483\"},{\"Name\":\"isNewItemInInventory_00000635\"},{\"Name\":\"isNewItemInInventory_00000476\"},{\"Name\":\"isNewItemInInventory_00000380\"},{\"Name\":\"isNewItemInInventory_00000486\"},{\"Name\":\"InventoryLightsActive\"},{\"Name\":\"hasOwned_00000402\",\"BoolValue\":true},{\"Name\":\"crafted.00000379\",\"SettingType\":1,\"IntValue\":1},{\"Name\":\"crafted.00000412\",\"SettingType\":1,\"IntValue\":1},{\"Name\":\"crafted.00000413\",\"SettingType\":1,\"IntValue\":1},{\"Name\":\"crafted.00000589\",\"SettingType\":1,\"IntValue\":1},{\"Name\":\"isNewCraftingRecipe_StartingEmergencyPackRecipe\"},{\"Name\":\"isNewItemInInventory_00000420\"},{\"Name\":\"isNewItemInInventory_00000440\"},{\"Name\":\"isNewItemInInventory_00000402\"},{\"Name\":\"isNewItemInInventory_00000379\"},{\"Name\":\"isNewItemInInventory_00000437\"},{\"Name\":\"isNewItemInInventory_00000362\"},{\"Name\":\"isNewItemInInventory_00000412\"},{\"Name\":\"isNewItemInInventory_00000381\"},{\"Name\":\"isNewItemInInventory_00000445\"},{\"Name\":\"seenFirstTimeEquip_00000379\",\"BoolValue\":true},{\"Name\":\"ShowMissingTacticalsTutorial\"},{\"Name\":\"ShowMissingPufftonsTutorial\"},{\"Name\":\"seenFirstTimeEquip_00000412\",\"BoolValue\":true},{\"Name\":\"isNewItemInInventory_00000390\"},{\"Name\":\"isNewItemInInventory_00000419\"},{\"Name\":\"isNewItemInInventory_00000413\"},{\"Name\":\"isNewItemInInventory_00000589\"},{\"Name\":\"consumed.00000437\",\"SettingType\":1,\"IntValue\":57},{\"Name\":\"seenFirstTimeEquip_00000589\",\"BoolValue\":true},{\"Name\":\"TutorialBookPageIndex\",\"SettingType\":1,\"IntValue\":9},{\"Name\":\"SCREWBookLastUsed\",\"BoolValue\":true},{\"Name\":\"BlueprintBookPageIndex\",\"SettingType\":1,\"IntValue\":13},{\"Name\":\"seenFirstTimeEquip_00000413\",\"BoolValue\":true},{\"Name\":\"isNewCraftingRecipeTutorial_CraftedSpearRecipe\"},{\"Name\":\"isNewItemInInventory_00000392\"},{\"Name\":\"seenFirstTimeEquip_00000396\",\"BoolValue\":true},{\"Name\":\"crafted.00000474\",\"SettingType\":1,\"IntValue\":1},{\"Name\":\"isNewCraftingRecipe_CraftedSpearRecipe\"},{\"Name\":\"isNewItemInInventory_00000396\"},{\"Name\":\"isNewCraftingRecipeTutorial_CraftedBowRecipe\"},{\"Name\":\"Strength\",\"SettingType\":2,\"FloatValue\":59.87305},{\"Name\":\"StrengthLevel\",\"SettingType\":1,\"IntValue\":28},{\"Name\":\"CurrentStrength\",\"SettingType\":2,\"FloatValue\":16606.8867},{\"Name\":\"RequiredCurrentStrengthPerLevel\",\"SettingType\":2,\"FloatValue\":27736.83},{\"Name\":\"MaxHealth\",\"SettingType\":2,\"FloatValue\":154.0},{\"Name\":\"CurrentHealth\",\"SettingType\":2,\"FloatValue\":154.0},{\"Name\":\"TargetHealth\",\"SettingType\":2,\"FloatValue\":154.0},{\"Name\":\"Hydration\",\"SettingType\":2,\"FloatValue\":30.5648365},{\"Name\":\"Fullness\",\"SettingType\":2,\"FloatValue\":0.4592188},{\"Name\":\"Rest\",\"SettingType\":2,\"FloatValue\":99.9132462},{\"Name\":\"Stamina\",\"SettingType\":2,\"FloatValue\":60.782486},{\"Name\":\"HydrationBuff\",\"SettingType\":2,\"FloatValue\":-2.3844552},{\"Name\":\"FullnessBuff\",\"SettingType\":2,\"FloatValue\":-118.161636},{\"Name\":\"RestBuff\",\"SettingType\":2,\"FloatValue\":0.594511569},{\"Name\":\"CookingBuffTimeRemaining\",\"SettingType\":2},{\"Name\":\"CookingBuffRecipe\",\"SettingType\":1,\"IntValue\":-1},{\"Name\":\"player.position\",\"SettingType\":4,\"FloatArrayValue\":[-1654.84766,14.956255,447.892181]},{\"Name\":\"player.rotation\",\"SettingType\":4,\"FloatArrayValue\":[-1.77273023E-08,0.1550827,3.49245965E-09,-0.987901568]},{\"Name\":\"player.areaMask\",\"SettingType\":1},{\"Name\":\"HasDismountedFromKnightVBefore\",\"BoolValue\":true},{\"Name\":\"isNewItemInInventory_00000433\"},{\"Name\":\"isNewItemInInventory_00000438\"},{\"Name\":\"isNewItemInInventory_00000414\"},{\"Name\":\"isNewItemInInventory_00000425\"},{\"Name\":\"consumed.00000425\",\"SettingType\":1,\"IntValue\":8},{\"Name\":\"isNewItemInInventory_00000418\"},{\"Name\":\"isNewItemInInventory_00000410\"},{\"Name\":\"isNewCraftingRecipeTutorial_CraftedAxeRecipe\"},{\"Name\":\"isNewItemInInventory_00000403\"},{\"Name\":\"isNewItemInInventory_00000393\"},{\"Name\":\"crafted.00000443\",\"SettingType\":1,\"IntValue\":1},{\"Name\":\"isNewCraftingRecipe_CraftedBowRecipe\"},{\"Name\":\"isNewItemInInventory_00000454\"},{\"Name\":\"crafted.00000422\",\"SettingType\":1,\"IntValue\":1},{\"Name\":\"isNewCraftingRecipe_CraftedAxeRecipe\"},{\"Name\":\"isNewItemInInventory_00000449\"},{\"Name\":\"isNewItemInInventory_00000484\"},{\"Name\":\"isNewItemInInventory_00000432\"},{\"Name\":\"isNewCraftingRecipeTutorial_CraftedArrowsRecipe\"},{\"Name\":\"isNewItemInInventory_00000479\"},{\"Name\":\"crafted.00000507\",\"SettingType\":1,\"IntValue\":68},{\"Name\":\"isNewCraftingRecipe_CraftedArrowsRecipe\"},{\"Name\":\"isNewItemInInventory_00000416\"},{\"Name\":\"isNewItemInInventory_00000441\"},{\"Name\":\"consumed.00000441\",\"SettingType\":1,\"IntValue\":18},{\"Name\":\"consumed.00000445\",\"SettingType\":1,\"IntValue\":47},{\"Name\":\"isNewItemInInventory_00000446\"},{\"Name\":\"isNewItemInInventory_00000648\"},{\"Name\":\"isNewItemInInventory_00000422\"},{\"Name\":\"isNewItemInInventory_00000517\"},{\"Name\":\"isNewItemInInventory_00000443\"},{\"Name\":\"consumed.00000466\",\"SettingType\":1,\"IntValue\":32},{\"Name\":\"consumed.00000449\",\"SettingType\":1,\"IntValue\":1},{\"Name\":\"isNewItemInInventory_00000496\"},{\"Name\":\"isNewItemInInventory_00000439\"},{\"Name\":\"isNewItemInInventory_00000401\"},{\"Name\":\"isNewItemInInventory_00000466\"},{\"Name\":\"consumed.00000438\",\"SettingType\":1,\"IntValue\":44},{\"Name\":\"consumed.00000439\",\"SettingType\":1,\"IntValue\":26},{\"Name\":\"isNewItemInInventory_00000398\"},{\"Name\":\"isNewItemInInventory_00000495\"},{\"Name\":\"isNewItemInInventory_00000504\"},{\"Name\":\"isNewItemInInventory_00000523\"},{\"Name\":\"isNewItemInInventory_00000376\"},{\"Name\":\"isNewItemInInventory_00000450\"},{\"Name\":\"isNewItemInInventory_00000400\"},{\"Name\":\"consumed.00000400\",\"SettingType\":1,\"IntValue\":1},{\"Name\":\"isNewItemInInventory_00000599\"},{\"Name\":\"consumed.00000401\",\"SettingType\":1,\"IntValue\":2},{\"Name\":\"consumed.00000433\",\"SettingType\":1,\"IntValue\":13},{\"Name\":\"consumed.00000517\",\"SettingType\":1,\"IntValue\":147},{\"Name\":\"isNewItemInInventory_00000452\"},{\"Name\":\"isNewItemInInventory_00000453\"},{\"Name\":\"isNewItemInInventory_00000524\"},{\"Name\":\"isNewItemInInventory_00000606\"},{\"Name\":\"isNewCraftingRecipeTutorial_HealthMixPlusRecipe\"},{\"Name\":\"isNewCraftingRecipeTutorial_HealthMixRecipe\"},{\"Name\":\"isNewCraftingRecipeTutorial_LeafArmourRecipe\"},{\"Name\":\"isNewCraftingRecipeTutorial_MolotovRecipe\"},{\"Name\":\"isNewCraftingRecipeTutorial_TorchRecipe\"},{\"Name\":\"isNewItemInInventory_00000459\"},{\"Name\":\"isNewItemInInventory_00000415\"},{\"Name\":\"isNewItemInInventory_00000451\"},{\"Name\":\"consumed.00000398\",\"SettingType\":1,\"IntValue\":2},{\"Name\":\"consumed.00000446\",\"SettingType\":1,\"IntValue\":3},{\"Name\":\"isNewCraftingRecipeTutorial_EnergyMixPlusRecipe\"},{\"Name\":\"isNewCraftingRecipeTutorial_EnergyMixRecipe\"},{\"Name\":\"isNewCraftingRecipeTutorial_DeerHideArmourRecipe\"},{\"Name\":\"isNewItemInInventory_00000356\"},{\"Name\":\"isNewItemInInventory_00000472\"},{\"Name\":\"isNewItemInInventory_00000651\"},{\"Name\":\"isNewItemInInventory_00000436\"},{\"Name\":\"HasBeenTiredBefore\",\"BoolValue\":true},{\"Name\":\"consumed.00000436\",\"SettingType\":1,\"IntValue\":135},{\"Name\":\"seenFirstTimeEquip_00000471\",\"BoolValue\":true},{\"Name\":\"isNewItemInInventory_00000447\"},{\"Name\":\"consumed.00000447\",\"SettingType\":1,\"IntValue\":15},{\"Name\":\"consumed.00000451\",\"SettingType\":1,\"IntValue\":1},{\"Name\":\"isNewItemInInventory_00000482\"},{\"Name\":\"isNewItemInInventory_00000480\"},{\"Name\":\"isNewItemInInventory_00000465\"},{\"Name\":\"isNewItemInInventory_00000604\"},{\"Name\":\"isNewItemInInventory_00000508\"},{\"Name\":\"isNewItemInInventory_00000471\"},{\"Name\":\"isNewItemInInventory_00000605\"},{\"Name\":\"isNewItemInInventory_00000481\"},{\"Name\":\"isNewItemInInventory_00000518\"},{\"Name\":\"isNewCraftingRecipeTutorial_BoneArmourRecipe\"},{\"Name\":\"isNewItemInInventory_00000405\"},{\"Name\":\"consumed.00000480\",\"SettingType\":1,\"IntValue\":1},{\"Name\":\"isNewCraftingRecipeTutorial_TimeBombRecipe\"},{\"Name\":\"hasOwned_00000490\",\"BoolValue\":true},{\"Name\":\"isNewCraftingRecipeTutorial_CraftedClubRecipe\"},{\"Name\":\"consumed.00000481\",\"SettingType\":1,\"IntValue\":2},{\"Name\":\"isNewCraftingRecipeTutorial_CatFoodRecipe\"},{\"Name\":\"isNewItemInInventory_00000434\"},{\"Name\":\"crafted.00000464\",\"SettingType\":1,\"IntValue\":5},{\"Name\":\"isNewCraftingRecipe_CatFoodRecipe\"},{\"Name\":\"isNewItemInInventory_00000464\"},{\"Name\":\"consumed.00000464\",\"SettingType\":1,\"IntValue\":5},{\"Name\":\"seenFirstTimeEquip_00000486\",\"BoolValue\":true},{\"Name\":\"isNewCraftingRecipeTutorial_FlashlightRechargeRecipe\"},{\"Name\":\"isNewItemInInventory_00000502\"},{\"Name\":\"PointOfInterestFound_Bunker Entertainment\",\"BoolValue\":true},{\"Name\":\"isNewItemInInventory_00000634\"},{\"Name\":\"isNewItemInInventory_00000430\"},{\"Name\":\"isNewItemInInventory_00000469\"},{\"Name\":\"isNewItemInInventory_00000490\"},{\"Name\":\"isNewItemInInventory_00000593\"},{\"Name\":\"hasOwned_00000495\",\"BoolValue\":true},{\"Name\":\"crafted.00000494\",\"SettingType\":1,\"IntValue\":10},{\"Name\":\"isNewCraftingRecipe_BoneArmourRecipe\"},{\"Name\":\"seenFirstTimeEquip_00000353\",\"BoolValue\":true},{\"Name\":\"DoneBuildFireTutorial\",\"BoolValue\":true},{\"Name\":\"hasOwned_00000444\",\"BoolValue\":true},{\"Name\":\"seenFirstTimeEquip_00000444\",\"BoolValue\":true},{\"Name\":\"isNewItemInInventory_00000444\"},{\"Name\":\"isNewItemInInventory_00000494\"},{\"Name\":\"isNewItemInInventory_00000527\"},{\"Name\":\"isNewItemInInventory_00000363\"},{\"Name\":\"crafted.00000419\",\"SettingType\":1,\"IntValue\":58},{\"Name\":\"crafted.00000415\",\"SettingType\":1,\"IntValue\":18},{\"Name\":\"isNewCraftingRecipe_LootPouchRecipe\"},{\"Name\":\"crafted.00000502\",\"SettingType\":1,\"IntValue\":19},{\"Name\":\"crafted.00000410\",\"SettingType\":1,\"IntValue\":5},{\"Name\":\"crafted.00000447\",\"SettingType\":1,\"IntValue\":3},{\"Name\":\"crafted.00000441\",\"SettingType\":1,\"IntValue\":17},{\"Name\":\"crafted.00000418\",\"SettingType\":1,\"IntValue\":34},{\"Name\":\"crafted.00000496\",\"SettingType\":1,\"IntValue\":7},{\"Name\":\"crafted.00000437\",\"SettingType\":1,\"IntValue\":25},{\"Name\":\"crafted.00000445\",\"SettingType\":1,\"IntValue\":3},{\"Name\":\"crafted.00000391\",\"SettingType\":1,\"IntValue\":4},{\"Name\":\"crafted.00000553\",\"SettingType\":1,\"IntValue\":67},{\"Name\":\"seenFirstTimeEquip_00000355\",\"BoolValue\":true},{\"Name\":\"isNewItemInInventory_00000353\"},{\"Name\":\"isNewItemInInventory_00000355\"},{\"Name\":\"crafted.00000355\",\"SettingType\":1,\"IntValue\":13},{\"Name\":\"isNewCraftingRecipe_CompactPistolRailModRecipe\"},{\"Name\":\"isNewItemInInventory_00000529\"},{\"Name\":\"isNewItemInInventory_00000507\"},{\"Name\":\"crafted.00000439\",\"SettingType\":1,\"IntValue\":5},{\"Name\":\"crafted.00000479\",\"SettingType\":1,\"IntValue\":9},{\"Name\":\"crafted.00000446\",\"SettingType\":1,\"IntValue\":5},{\"Name\":\"isNewItemInInventory_00000399\"},{\"Name\":\"crafted.00000466\",\"SettingType\":1,\"IntValue\":15},{\"Name\":\"seenFirstTimeEquip_00000575\",\"BoolValue\":true},{\"Name\":\"isNewCraftingRecipeTutorial_TechArmourRecipe\"},{\"Name\":\"isNewItemInInventory_00000553\"},{\"Name\":\"crafted.00000426\",\"SettingType\":1,\"IntValue\":6},{\"Name\":\"crafted.00000618\",\"SettingType\":1,\"IntValue\":145},{\"Name\":\"crafted.00000560\",\"SettingType\":1,\"IntValue\":12},{\"Name\":\"isNewItemInInventory_00000426\"},{\"Name\":\"isNewItemInInventory_00000369\"},{\"Name\":\"isNewCraftingRecipeTutorial_ZiplineRopeRecipe\"},{\"Name\":\"ActionCameraVideoCollected_CultistsArrival\",\"BoolValue\":true},{\"Name\":\"CurrentActionVideoIndex\",\"SettingType\":1},{\"Name\":\"seenFirstTimeEquip_00000359\",\"BoolValue\":true},{\"Name\":\"seenFirstTimeEquip_00000633\",\"BoolValue\":true},{\"Name\":\"isNewItemInInventory_00000359\"},{\"Name\":\"isNewItemInInventory_00000560\"},{\"Name\":\"crafted.00000362\",\"SettingType\":1,\"IntValue\":3},{\"Name\":\"isNewItemInInventory_00000421\"},{\"Name\":\"isNewItemInInventory_00000575\"},{\"Name\":\"isNewItemInInventory_00000595\"},{\"Name\":\"isNewItemInInventory_00000387\"},{\"Name\":\"consumed.00000426\",\"SettingType\":1,\"IntValue\":58},{\"Name\":\"crafted.00000388\",\"SettingType\":1,\"IntValue\":10},{\"Name\":\"isNewCraftingRecipe_MolotovRecipe\"},{\"Name\":\"isNewItemInInventory_00000364\"},{\"Name\":\"isNewItemInInventory_00000346\"},{\"Name\":\"isNewItemInInventory_00000637\"},{\"Name\":\"crafted.00000473\",\"SettingType\":1,\"IntValue\":15},{\"Name\":\"isNewCraftingRecipe_LeafArmourRecipe\"},{\"Name\":\"isNewItemInInventory_00000473\"},{\"Name\":\"isNewItemInInventory_00000368\"},{\"Name\":\"isNewItemInInventory_00000618\"},{\"Name\":\"crafted.00000503\",\"SettingType\":1,\"IntValue\":1},{\"Name\":\"isNewCraftingRecipe_TorchRecipe\"},{\"Name\":\"isNewItemInInventory_00000503\"},{\"Name\":\"TorchWasLit\",\"BoolValue\":true},{\"Name\":\"HasDismountedFromGolfCartBefore\",\"BoolValue\":true},{\"Name\":\"isNewItemInInventory_00000388\"},{\"Name\":\"seenFirstTimeEquip_00000391\",\"BoolValue\":true},{\"Name\":\"isNewItemInInventory_00000391\"},{\"Name\":\"isNewItemInInventory_00000633\"},{\"Name\":\"seenFirstTimeEquip_00000468\",\"BoolValue\":true},{\"Name\":\"isNewItemInInventory_00000468\"},{\"Name\":\"seenFirstTimeEquip_00000522\",\"BoolValue\":true},{\"Name\":\"isNewItemInInventory_00000647\"},{\"Name\":\"crafted.00000523\",\"SettingType\":1,\"IntValue\":1},{\"Name\":\"isNewCraftingRecipe_ZiplineRopeRecipe\"},{\"Name\":\"isNewItemInInventory_00000522\"},{\"Name\":\"isNewItemInInventory_00000373\"},{\"Name\":\"isNewItemInInventory_00000650\"},{\"Name\":\"isNewItemInInventory_00000417\"},{\"Name\":\"isNewItemInInventory_00000397\"},{\"Name\":\"hasOwned_00000499\",\"BoolValue\":true},{\"Name\":\"PointOfInterestFound_Bunker A\",\"BoolValue\":true},{\"Name\":\"consumed.00000421\",\"SettingType\":1,\"IntValue\":6},{\"Name\":\"isNewItemInInventory_00000485\"},{\"Name\":\"seenFirstTimeEquip_00000566\",\"BoolValue\":true},{\"Name\":\"PointOfInterestFound_Bunker Food\",\"BoolValue\":true},{\"Name\":\"isNewItemInInventory_00000431\"},{\"Name\":\"isNewItemInInventory_00000499\"},{\"Name\":\"seenFirstTimeEquip_00000423\",\"BoolValue\":true},{\"Name\":\"hasOwned_00000492\",\"BoolValue\":true},{\"Name\":\"isNewItemInInventory_00000492\"},{\"Name\":\"hasOwned_00000489\",\"BoolValue\":true},{\"Name\":\"hasOwned_00000501\",\"BoolValue\":true},{\"Name\":\"seenFirstTimeEquip_00000365\",\"BoolValue\":true},{\"Name\":\"seenFirstTimeEquip_00000568\",\"BoolValue\":true},{\"Name\":\"PointOfInterestFound_Bunker Residential\",\"BoolValue\":true},{\"Name\":\"isNewItemInInventory_00000375\"},{\"Name\":\"hasOwned_00000556\",\"BoolValue\":true},{\"Name\":\"isNewItemInInventory_00000570\"},{\"Name\":\"isNewItemInInventory_00000378\"},{\"Name\":\"isNewItemInInventory_00000365\"},{\"Name\":\"isNewItemInInventory_00000571\"},{\"Name\":\"isNewItemInInventory_00000467\"},{\"Name\":\"isNewItemInInventory_00000568\"},{\"Name\":\"seenFirstTimeEquip_00000358\",\"BoolValue\":true},{\"Name\":\"isNewItemInInventory_00000358\"},{\"Name\":\"hasOwned_00000555\",\"BoolValue\":true},{\"Name\":\"ActionCameraVideoCollected_Sahara Confidential\",\"BoolValue\":true},{\"Name\":\"seenFirstTimeEquip_00000637\",\"BoolValue\":true},{\"Name\":\"seenFirstTimeEquip_00000340\",\"BoolValue\":true},{\"Name\":\"seenFirstTimeEquip_00000567\",\"BoolValue\":true},{\"Name\":\"PointOfInterestFound_Bunker B\",\"BoolValue\":true},{\"Name\":\"isNewCraftingRecipeTutorial_ChainsawRechargeRecipe\"},{\"Name\":\"seenFirstTimeEquip_00000394\",\"BoolValue\":true},{\"Name\":\"isNewItemInInventory_00000340\"},{\"Name\":\"isNewItemInInventory_00000423\"},{\"Name\":\"isNewItemInInventory_00000394\"},{\"Name\":\"isNewItemInInventory_00000506\"},{\"Name\":\"crafted.00000428\",\"SettingType\":1,\"IntValue\":1},{\"Name\":\"PointOfInterestFound_Bunker C\",\"BoolValue\":true},{\"Name\":\"seenFirstTimeEquip_00000509\",\"BoolValue\":true},{\"Name\":\"hasOwned_00000493\",\"BoolValue\":true},{\"Name\":\"isNewItemInInventory_00000360\"},{\"Name\":\"seenFirstTimeEquip_00000360\",\"BoolValue\":true},{\"Name\":\"isNewItemInInventory_00000509\"},{\"Name\":\"isNewItemInInventory_00000567\"},{\"Name\":\"isNewItemInInventory_00000569\"},{\"Name\":\"seenFirstTimeEquip_00000386\",\"BoolValue\":true},{\"Name\":\"isNewItemInInventory_00000462\"},{\"Name\":\"seenFirstTimeEquip_00000367\",\"BoolValue\":true},{\"Name\":\"hasOwned_00000557\",\"BoolValue\":true},{\"Name\":\"isNewItemInInventory_00000367\"},{\"Name\":\"isNewItemInInventory_00000525\"},{\"Name\":\"seenFirstTimeEquip_00000435\",\"BoolValue\":true},{\"Name\":\"seenFirstTimeEquip_00000424\",\"BoolValue\":true},{\"Name\":\"ActionCameraVideoCollected_Cultists1\",\"BoolValue\":true},{\"Name\":\"hasOwned_00000572\",\"BoolValue\":true},{\"Name\":\"isNewItemInInventory_00000572\"},{\"Name\":\"isNewItemInInventory_00000435\"},{\"Name\":\"isNewItemInInventory_00000354\"},{\"Name\":\"hasOwned_00000487\",\"BoolValue\":true},{\"Name\":\"isNewItemInInventory_00000386\"},{\"Name\":\"isNewItemInInventory_00000487\"},{\"Name\":\"isNewItemInInventory_00000493\"},{\"Name\":\"consumed.00000595\",\"SettingType\":1,\"IntValue\":11},{\"Name\":\"crafted.00000433\",\"SettingType\":1,\"IntValue\":2},{\"Name\":\"consumed.00000570\",\"SettingType\":1,\"IntValue\":2},{\"Name\":\"consumed.00000571\",\"SettingType\":1,\"IntValue\":10},{\"Name\":\"consumed.00000462\",\"SettingType\":1,\"IntValue\":2},{\"Name\":\"crafted.00000364\",\"SettingType\":1,\"IntValue\":1},{\"Name\":\"crafted.00000448\",\"SettingType\":1,\"IntValue\":1},{\"Name\":\"isNewItemInInventory_00000374\"},{\"Name\":\"isNewCraftingRecipe_CompactPistolSilencerModRecipe\"},{\"Name\":\"isNewCraftingRecipe_CompactPistolFlashlightModRecipe\"},{\"Name\":\"isNewCraftingRecipe_CompactPistolLaserSightModRecipe\"},{\"Name\":\"crafted.00000376\",\"SettingType\":1,\"IntValue\":2},{\"Name\":\"crafted.00000374\",\"SettingType\":1,\"IntValue\":2},{\"Name\":\"crafted.00000378\",\"SettingType\":1,\"IntValue\":2},{\"Name\":\"crafted.00000377\",\"SettingType\":1,\"IntValue\":2},{\"Name\":\"crafted.00000375\",\"SettingType\":1,\"IntValue\":2},{\"Name\":\"isNewCraftingRecipe_CompactPistolDismantleModsRecipe\"},{\"Name\":\"crafted.00000476\",\"SettingType\":1,\"IntValue\":1},{\"Name\":\"crafted.00000554\",\"SettingType\":1,\"IntValue\":13},{\"Name\":\"isNewCraftingRecipe_TechArmourRecipe\"},{\"Name\":\"isNewItemInInventory_00000554\"},{\"Name\":\"crafted.00000417\",\"SettingType\":1,\"IntValue\":5},{\"Name\":\"isNewCraftingRecipe_TimeBombRecipe\"},{\"Name\":\"crafted.00000394\",\"SettingType\":1,\"IntValue\":2},{\"Name\":\"isNewCraftingRecipe_ChainsawRechargeRecipe\"},{\"Name\":\"isNewItemInInventory_00000566\"},{\"Name\":\"isNewItemInInventory_00000424\"},{\"Name\":\"isNewItemInInventory_00000601\"},{\"Name\":\"crafted.00000456\",\"SettingType\":1,\"IntValue\":1},{\"Name\":\"isNewCraftingRecipe_HealthMixPlusRecipe\"},{\"Name\":\"isNewItemInInventory_00000590\"},{\"Name\":\"crafted.00000363\",\"SettingType\":1,\"IntValue\":1},{\"Name\":\"isNewItemInInventory_00000456\"},{\"Name\":\"consumed.00000456\",\"SettingType\":1,\"IntValue\":1}],\"NamedInts\":[{\"SaveObjectNameId\":\"BunkerLuxury.Cutscene.MutantBossIntro\"},{\"SaveObjectNameId\":\"BunkerResidential.Cutscene.GetDownSon\",\"SaveValue\":1}]}"}}