{"Version":"0.0.0","Data":{"ZipLineManager":"{\"Version\":\"0.0.0\",\"Ziplines\":[{\"_anchorAPosition\":{\"x\":-1629.01465,\"y\":32.93827,\"z\":388.3655},\"_anchorBPosition\":{\"x\":-1610.4762,\"y\":46.9044838,\"z\":356.137756},\"_canBeDismantled\":true},{\"_anchorAPosition\":{\"x\":-1600.4187,\"y\":33.09581,\"z\":440.722565},\"_anchorBPosition\":{\"x\":-1476.36377,\"y\":24.6062336,\"z\":431.676941},\"_canBeDismantled\":true},{\"_anchorAPosition\":{\"x\":-1626.28821,\"y\":20.59908,\"z\":449.437073},\"_anchorBPosition\":{\"x\":-1604.48657,\"y\":33.0110779,\"z\":443.66452},\"_canBeDismantled\":true},{\"_anchorAPosition\":{\"x\":-1642.98083,\"y\":17.9695435,\"z\":446.164764},\"_anchorBPosition\":{\"x\":-1604.20618,\"y\":33.1534767,\"z\":441.744659},\"_canBeDismantled\":true},{\"_anchorAPosition\":{\"x\":-1552.34058,\"y\":44.8023453,\"z\":381.290161},\"_anchorBPosition\":{\"x\":-1600.82642,\"y\":33.1914635,\"z\":440.136932},\"_canBeDismantled\":true},{\"_anchorAPosition\":{\"x\":-1476.60889,\"y\":46.0653763,\"z\":296.196259},\"_anchorBPosition\":{\"x\":-1548.96008,\"y\":44.8478279,\"z\":377.4888},\"_canBeDismantled\":true},{\"_anchorAPosition\":{\"x\":-1673.46436,\"y\":55.4176025,\"z\":317.686829},\"_anchorBPosition\":{\"x\":-1643.30017,\"y\":21.8497963,\"z\":401.403778},\"_canBeDismantled\":true},{\"_anchorAPosition\":{\"x\":-1321.639,\"y\":67.56443,\"z\":208.42334},\"_anchorBPosition\":{\"x\":-1204.2002,\"y\":75.94195,\"z\":136.680908},\"_canBeDismantled\":true},{\"_anchorAPosition\":{\"x\":-1381.67078,\"y\":63.9217339,\"z\":239.869934},\"_anchorBPosition\":{\"x\":-1325.2384,\"y\":67.49961,\"z\":212.014328},\"_canBeDismantled\":true},{\"_anchorAPosition\":{\"x\":-1386.52551,\"y\":63.8581276,\"z\":241.3561},\"_anchorBPosition\":{\"x\":-1473.23364,\"y\":46.0619736,\"z\":292.404877},\"_canBeDismantled\":true},{\"_anchorAPosition\":{\"x\":-1186.49524,\"y\":71.34286,\"z\":126.258675},\"_anchorBPosition\":{\"x\":-1199.848,\"y\":75.8967056,\"z\":134.1242},\"_canBeDismantled\":true}]}"}}