{"Version":"0.0.0","Data":{"GameState":"{\"Version\":\"0.0.0\",\"GameName\":\"Normal 108 Days 08:46:03\",\"SaveTime\":\"2023-07-22T17:20:17.7512593-05:00\",\"GameType\":\"Normal\",\"GameId\":\"3889ed77-f66e-477a-8316-2b0c19ccc57b\",\"GameDays\":108,\"GameHours\":8,\"GameMinutes\":46,\"GameSeconds\":15,\"GameMilliseconds\":445,\"CrashSite\":\"tree\",\"NamedIntDatas\":[{\"SaveObjectNameId\":\"None\"},{\"SaveObjectNameId\":\"LuxuryBunker.EntranceDoor\",\"SaveValue\":3},{\"SaveObjectNameId\":\"LuxuryBunker.HellDoorCaveEntrance\"},{\"SaveObjectNameId\":\"HangingTacticalGpsPickedUp\",\"SaveValue\":1},{\"SaveObjectNameId\":\"BuriedTacticalGpsPickedUp\",\"SaveValue\":1},{\"SaveObjectNameId\":\"RaftTacticalGpsPickeUp\",\"SaveValue\":1},{\"SaveObjectNameId\":\"BunkerFoodAndDining.PufftonBossSpawn\",\"SaveValue\":1},{\"SaveObjectNameId\":\"BunkerA.EntranceHatch\",\"SaveValue\":3},{\"SaveObjectNameId\":\"BunkerB.EntranceHatch\",\"SaveValue\":3},{\"SaveObjectNameId\":\"BunkerC.EntranceHatch\",\"SaveValue\":3},{\"SaveObjectNameId\":\"HangingTactical\",\"SaveValue\":1},{\"SaveObjectNameId\":\"HangingTacticalCutDown\",\"SaveValue\":1},{\"SaveObjectNameId\":\"CaveC.Sluggy\",\"SaveValue\":2},{\"SaveObjectNameId\":\"CaveB.Sluggy\",\"SaveValue\":1},{\"SaveObjectNameId\":\"BunkerFoodAndDining.EntranceHatch\",\"SaveValue\":3},{\"SaveObjectNameId\":\"EntertainmentBunker.EntranceDoor\",\"SaveValue\":3},{\"SaveObjectNameId\":\"EntertainmentBunker.ExitDoor\",\"SaveValue\":3},{\"SaveObjectNameId\":\"EntertainmentBunker.ComputerRoomDoor\",\"SaveValue\":3},{\"SaveObjectNameId\":\"BunkerFoodAndDining.DiningDoor\",\"SaveValue\":3},{\"SaveObjectNameId\":\"BunkerFoodAndDining.EntranceDoor\",\"SaveValue\":3},{\"SaveObjectNameId\":\"BunkerResidential.ExitDoor\",\"SaveValue\":3},{\"SaveObjectNameId\":\"BunkerResidential.EntranceDoor\",\"SaveValue\":3}]}"}}