{"Version":"0.0.0","Data":{"PlayerInventory":"{\"Version\":\"0.0.0\",\"QuickSelect\":{\"Version\":\"0.0.0\",\"Slots\":[{\"ItemId\":431,\"Age\":186.646881},{\"ItemId\":360,\"Age\":186.646881},{\"ItemId\":435,\"Age\":186.646881},{\"ItemId\":426,\"Age\":186.646881},{\"ItemId\":468,\"Age\":186.646881},{\"ItemId\":437,\"Age\":12406.877},{\"ItemId\":397,\"Age\":12556.3525},{\"ItemId\":476,\"Age\":186.646881},{\"ItemId\":589,\"Age\":186.646881}]},\"EquippedItems\":[],\"ItemInstanceManagerData\":{\"Version\":\"0.0.0\",\"ItemBlocks\":[{\"ItemId\":402,\"TotalCount\":1,\"UniqueItems\":[{\"Modules\":[{\"Version\":\"0.0.0\"}]}]},{\"ItemId\":380,\"TotalCount\":1,\"UniqueItems\":[{\"Modules\":[{\"ChannelWeights\":{\"x\":1.401298E-45,\"y\":1.401298E-45,\"z\":1.401298E-45,\"w\":1.401298E-45},\"Version\":\"0.0.0\"}]}]},{\"ItemId\":351,\"TotalCount\":1,\"UniqueItems\":[]},{\"ItemId\":552,\"TotalCount\":1,\"UniqueItems\":[]},{\"ItemId\":486,\"TotalCount\":1,\"UniqueItems\":[]},{\"ItemId\":412,\"TotalCount\":1,\"UniqueItems\":[]},{\"ItemId\":589,\"TotalCount\":1,\"UniqueItems\":[]},{\"ItemId\":484,\"TotalCount\":1000,\"UniqueItems\":[]},{\"ItemId\":396,\"TotalCount\":1,\"UniqueItems\":[{\"Modules\":[{\"RecipeId\":-1,\"CurrentVolume\":70,\"Version\":\"0.0.0\",\"ModuleId\":7},{\"ChannelWeights\":{\"x\":2.802597E-45,\"y\":2.802597E-45,\"z\":2.802597E-45,\"w\":2.802597E-45},\"Version\":\"0.0.0\"}]}]},{\"ItemId\":647,\"TotalCount\":1,\"UniqueItems\":[]},{\"ItemId\":432,\"TotalCount\":1,\"UniqueItems\":[]},{\"ItemId\":517,\"TotalCount\":1,\"UniqueItems\":[{\"Modules\":[{\"RecipeId\":-521362042,\"CurrentVolume\":2000,\"Version\":\"0.0.0\",\"ModuleId\":7}]}]},{\"ItemId\":534,\"TotalCount\":1,\"UniqueItems\":[]},{\"ItemId\":443,\"TotalCount\":1,\"UniqueItems\":[{\"Modules\":[{\"AmmoType\":507,\"CurrentAmmo\":1,\"WeaponModIds\":[],\"Version\":\"0.0.0\",\"ModuleId\":4}]}]},{\"ItemId\":422,\"TotalCount\":1,\"UniqueItems\":[{\"Modules\":[{\"Version\":\"0.0.0\"}]}]},{\"ItemId\":648,\"TotalCount\":1,\"UniqueItems\":[]},{\"ItemId\":459,\"TotalCount\":1,\"UniqueItems\":[{\"Modules\":[{\"AmmoType\":476,\"CurrentAmmo\":1,\"WeaponModIds\":[],\"Version\":\"0.0.0\",\"ModuleId\":4}]}]},{\"ItemId\":529,\"TotalCount\":2,\"UniqueItems\":[{\"Modules\":[{\"IconIndex\":7,\"Version\":\"0.0.0\",\"ModuleId\":2}]},{\"Modules\":[{\"IconIndex\":10,\"Version\":\"0.0.0\",\"ModuleId\":2}]}]},{\"ItemId\":471,\"TotalCount\":1,\"UniqueItems\":[{\"Modules\":[{\"RecipeId\":-1,\"CurrentVolume\":12,\"Version\":\"0.0.0\",\"ModuleId\":7}]}]},{\"ItemId\":651,\"TotalCount\":1,\"UniqueItems\":[]},{\"ItemId\":613,\"TotalCount\":1,\"UniqueItems\":[]},{\"ItemId\":353,\"TotalCount\":1,\"UniqueItems\":[{\"Modules\":[{\"AmmoType\":369,\"WeaponModIds\":[],\"Version\":\"0.0.0\",\"ModuleId\":4}]}]},{\"ItemId\":379,\"TotalCount\":1,\"UniqueItems\":[{\"Modules\":[{\"ChannelWeights\":{\"x\":2.802597E-45,\"y\":2.802597E-45,\"z\":2.802597E-45,\"w\":2.802597E-45},\"Version\":\"0.0.0\"}]}]},{\"ItemId\":495,\"TotalCount\":2,\"UniqueItems\":[]},{\"ItemId\":476,\"TotalCount\":30,\"UniqueItems\":[]},{\"ItemId\":496,\"TotalCount\":1683,\"UniqueItems\":[]},{\"ItemId\":376,\"TotalCount\":1,\"UniqueItems\":[]},{\"ItemId\":575,\"TotalCount\":1,\"UniqueItems\":[]},{\"ItemId\":426,\"TotalCount\":1,\"UniqueItems\":[{\"Modules\":[{\"RecipeId\":-521362042,\"CurrentVolume\":500,\"Version\":\"0.0.0\",\"ModuleId\":7}]}]},{\"ItemId\":637,\"TotalCount\":1,\"UniqueItems\":[]},{\"ItemId\":346,\"TotalCount\":1,\"UniqueItems\":[]},{\"ItemId\":359,\"TotalCount\":1,\"UniqueItems\":[{\"Modules\":[{\"ChannelWeights\":{\"x\":2.802597E-45,\"y\":2.802597E-45,\"z\":2.802597E-45,\"w\":2.802597E-45},\"Version\":\"0.0.0\"}]}]},{\"ItemId\":633,\"TotalCount\":1,\"UniqueItems\":[]},{\"ItemId\":356,\"TotalCount\":1,\"UniqueItems\":[{\"Modules\":[{\"ChannelWeights\":{\"x\":1.401298E-45,\"y\":1.401298E-45,\"z\":1.401298E-45,\"w\":1.401298E-45},\"Version\":\"0.0.0\"}]}]},{\"ItemId\":391,\"TotalCount\":1,\"UniqueItems\":[]},{\"ItemId\":468,\"TotalCount\":1,\"UniqueItems\":[]},{\"ItemId\":545,\"TotalCount\":1,\"UniqueItems\":[]},{\"ItemId\":521,\"TotalCount\":1,\"UniqueItems\":[]},{\"ItemId\":522,\"TotalCount\":1,\"UniqueItems\":[{\"Modules\":[{\"AmmoType\":523,\"WeaponModIds\":[],\"Version\":\"0.0.0\",\"ModuleId\":4}]}]},{\"ItemId\":499,\"TotalCount\":1,\"UniqueItems\":[]},{\"ItemId\":503,\"TotalCount\":1,\"UniqueItems\":[{\"Modules\":[{\"ChannelWeights\":{\"x\":2.802597E-45,\"y\":2.802597E-45,\"z\":2.802597E-45,\"w\":2.802597E-45},\"Version\":\"0.0.0\"}]}]},{\"ItemId\":485,\"TotalCount\":1,\"UniqueItems\":[{\"Modules\":[{\"ChannelWeights\":{\"x\":2.802597E-45,\"y\":2.802597E-45,\"z\":2.802597E-45,\"w\":2.802597E-45},\"Version\":\"0.0.0\"}]}]},{\"ItemId\":566,\"TotalCount\":1,\"UniqueItems\":[]},{\"ItemId\":538,\"TotalCount\":1,\"UniqueItems\":[]},{\"ItemId\":375,\"TotalCount\":1,\"UniqueItems\":[]},{\"ItemId\":467,\"TotalCount\":1,\"UniqueItems\":[]},{\"ItemId\":431,\"TotalCount\":1,\"UniqueItems\":[{\"Modules\":[{\"Version\":\"0.0.0\"}]}]},{\"ItemId\":423,\"TotalCount\":1,\"UniqueItems\":[]},{\"ItemId\":444,\"TotalCount\":1,\"UniqueItems\":[{\"Modules\":[{\"RecipeId\":-1,\"CurrentVolume\":335,\"Version\":\"0.0.0\",\"ModuleId\":7}]}]},{\"ItemId\":542,\"TotalCount\":1,\"UniqueItems\":[]},{\"ItemId\":365,\"TotalCount\":1,\"UniqueItems\":[{\"Modules\":[{\"AmmoType\":368,\"WeaponModIds\":[],\"Version\":\"0.0.0\",\"ModuleId\":4}]}]},{\"ItemId\":544,\"TotalCount\":1,\"UniqueItems\":[]},{\"ItemId\":568,\"TotalCount\":1,\"UniqueItems\":[]},{\"ItemId\":556,\"TotalCount\":1,\"UniqueItems\":[]},{\"ItemId\":627,\"TotalCount\":1,\"UniqueItems\":[]},{\"ItemId\":536,\"TotalCount\":1,\"UniqueItems\":[]},{\"ItemId\":628,\"TotalCount\":1,\"UniqueItems\":[]},{\"ItemId\":546,\"TotalCount\":1,\"UniqueItems\":[]},{\"ItemId\":340,\"TotalCount\":1,\"UniqueItems\":[{\"Modules\":[{\"Version\":\"0.0.0\"}]}]},{\"ItemId\":535,\"TotalCount\":1,\"UniqueItems\":[]},{\"ItemId\":567,\"TotalCount\":1,\"UniqueItems\":[]},{\"ItemId\":526,\"TotalCount\":1,\"UniqueItems\":[]},{\"ItemId\":653,\"TotalCount\":1,\"UniqueItems\":[]},{\"ItemId\":543,\"TotalCount\":1,\"UniqueItems\":[]},{\"ItemId\":394,\"TotalCount\":1,\"UniqueItems\":[{\"Modules\":[{\"RecipeId\":-1,\"CurrentVolume\":66,\"Version\":\"0.0.0\",\"ModuleId\":7},{\"ChannelWeights\":{\"x\":1.32611166E-19,\"y\":1.32611166E-19,\"z\":1.32611166E-19,\"w\":1.32611166E-19},\"Version\":\"0.0.0\"}]}]},{\"ItemId\":360,\"TotalCount\":1,\"UniqueItems\":[{\"Modules\":[{\"AmmoType\":507,\"CurrentAmmo\":1,\"WeaponModIds\":[],\"Version\":\"0.0.0\",\"ModuleId\":4}]}]},{\"ItemId\":509,\"TotalCount\":1,\"UniqueItems\":[]},{\"ItemId\":493,\"TotalCount\":1,\"UniqueItems\":[]},{\"ItemId\":466,\"TotalCount\":5,\"UniqueItems\":[]},{\"ItemId\":386,\"TotalCount\":1,\"UniqueItems\":[{\"Modules\":[{\"AmmoType\":362,\"CurrentAmmo\":4,\"WeaponModIds\":[],\"Version\":\"0.0.0\",\"ModuleId\":4}]}]},{\"ItemId\":355,\"TotalCount\":1,\"UniqueItems\":[{\"Modules\":[{\"Version\":\"0.0.0\"},{\"AmmoType\":362,\"WeaponModIds\":[608885360,791848980,63489846],\"Version\":\"0.0.0\",\"ModuleId\":4}]}]},{\"ItemId\":614,\"TotalCount\":1,\"UniqueItems\":[]},{\"ItemId\":547,\"TotalCount\":1,\"UniqueItems\":[]},{\"ItemId\":537,\"TotalCount\":1,\"UniqueItems\":[]},{\"ItemId\":611,\"TotalCount\":1,\"UniqueItems\":[]},{\"ItemId\":525,\"TotalCount\":1,\"UniqueItems\":[{\"Modules\":[{\"Version\":\"0.0.0\"}]}]},{\"ItemId\":367,\"TotalCount\":1,\"UniqueItems\":[{\"Modules\":[{\"ChannelWeights\":{\"x\":0.314433724,\"y\":0.314433724,\"z\":0.314433724,\"w\":0.314433724},\"Version\":\"0.0.0\"}]}]},{\"ItemId\":617,\"TotalCount\":1,\"UniqueItems\":[]},{\"ItemId\":435,\"TotalCount\":1,\"UniqueItems\":[]},{\"ItemId\":424,\"TotalCount\":1,\"UniqueItems\":[]},{\"ItemId\":354,\"TotalCount\":1,\"UniqueItems\":[{\"Modules\":[{\"RecipeId\":-1,\"CurrentVolume\":90,\"Version\":\"0.0.0\",\"ModuleId\":7}]}]},{\"ItemId\":487,\"TotalCount\":1,\"UniqueItems\":[]},{\"ItemId\":572,\"TotalCount\":1,\"UniqueItems\":[]},{\"ItemId\":480,\"TotalCount\":2,\"UniqueItems\":[{\"Modules\":[{\"SourceActorType\":12,\"Version\":\"0.0.0\",\"ModuleId\":1},{\"CurrentState\":3,\"TimeRemainingInState\":-3989.15527,\"Version\":\"0.0.0\",\"ModuleId\":3},{\"Version\":\"0.0.0\"},{\"AmmoType\":480,\"CurrentAmmo\":1,\"WeaponModIds\":[],\"Version\":\"0.0.0\",\"ModuleId\":4}]},{\"Modules\":[{\"SourceActorType\":12,\"Version\":\"0.0.0\",\"ModuleId\":1},{\"CurrentState\":3,\"TimeRemainingInState\":-3989.15527,\"Version\":\"0.0.0\",\"ModuleId\":3},{\"Version\":\"0.0.0\"},{\"AmmoType\":480,\"CurrentAmmo\":1,\"WeaponModIds\":[],\"Version\":\"0.0.0\",\"ModuleId\":4}]}]},{\"ItemId\":555,\"TotalCount\":1,\"UniqueItems\":[]},{\"ItemId\":413,\"TotalCount\":1,\"UniqueItems\":[]},{\"ItemId\":358,\"TotalCount\":1,\"UniqueItems\":[{\"Modules\":[{\"AmmoType\":364,\"CurrentAmmo\":7,\"WeaponModIds\":[],\"Version\":\"0.0.0\",\"ModuleId\":4}]}]},{\"ItemId\":490,\"TotalCount\":1,\"UniqueItems\":[]},{\"ItemId\":362,\"TotalCount\":29,\"UniqueItems\":[]},{\"ItemId\":437,\"TotalCount\":5,\"UniqueItems\":[]},{\"ItemId\":390,\"TotalCount\":700,\"UniqueItems\":[]},{\"ItemId\":393,\"TotalCount\":3,\"UniqueItems\":[]},{\"ItemId\":489,\"TotalCount\":1,\"UniqueItems\":[]},{\"ItemId\":501,\"TotalCount\":1,\"UniqueItems\":[]},{\"ItemId\":502,\"TotalCount\":19,\"UniqueItems\":[]},{\"ItemId\":479,\"TotalCount\":2,\"UniqueItems\":[]},{\"ItemId\":482,\"TotalCount\":1,\"UniqueItems\":[{\"Modules\":[{\"SourceActorType\":12,\"Version\":\"0.0.0\",\"ModuleId\":1},{\"CurrentState\":3,\"TimeRemainingInState\":-3987.042,\"Version\":\"0.0.0\",\"ModuleId\":3}]}]},{\"ItemId\":527,\"TotalCount\":4,\"UniqueItems\":[]},{\"ItemId\":403,\"TotalCount\":4,\"UniqueItems\":[]},{\"ItemId\":596,\"TotalCount\":1,\"UniqueItems\":[]},{\"ItemId\":601,\"TotalCount\":1,\"UniqueItems\":[]},{\"ItemId\":439,\"TotalCount\":5,\"UniqueItems\":[]},{\"ItemId\":410,\"TotalCount\":4,\"UniqueItems\":[]},{\"ItemId\":590,\"TotalCount\":1,\"UniqueItems\":[]},{\"ItemId\":433,\"TotalCount\":7,\"UniqueItems\":[{\"Modules\":[{\"CurrentState\":3,\"TimeRemainingInState\":-3992.36084,\"Version\":\"0.0.0\",\"ModuleId\":3}]},{\"Modules\":[{\"CurrentState\":3,\"TimeRemainingInState\":-3992.36084,\"Version\":\"0.0.0\",\"ModuleId\":3}]},{\"Modules\":[{\"CurrentState\":3,\"TimeRemainingInState\":-3992.36084,\"Version\":\"0.0.0\",\"ModuleId\":3}]},{\"Modules\":[{\"CurrentState\":3,\"TimeRemainingInState\":-3992.36084,\"Version\":\"0.0.0\",\"ModuleId\":3}]},{\"Modules\":[{\"CurrentState\":3,\"TimeRemainingInState\":-3992.36084,\"Version\":\"0.0.0\",\"ModuleId\":3}]},{\"Modules\":[{\"CurrentState\":3,\"TimeRemainingInState\":-3992.36084,\"Version\":\"0.0.0\",\"ModuleId\":3}]},{\"Modules\":[{\"CurrentState\":1,\"TimeRemainingInState\":5444.81543,\"Version\":\"0.0.0\",\"ModuleId\":3}]}]},{\"ItemId\":419,\"TotalCount\":10,\"UniqueItems\":[]},{\"ItemId\":414,\"TotalCount\":3,\"UniqueItems\":[]},{\"ItemId\":381,\"TotalCount\":1,\"UniqueItems\":[]},{\"ItemId\":420,\"TotalCount\":1,\"UniqueItems\":[]},{\"ItemId\":481,\"TotalCount\":1,\"UniqueItems\":[{\"Modules\":[{\"Version\":\"0.0.0\"},{\"Version\":\"0.0.0\",\"ModuleId\":1},{\"CurrentState\":3,\"TimeRemainingInState\":-3989.15527,\"Version\":\"0.0.0\",\"ModuleId\":3}]}]},{\"ItemId\":363,\"TotalCount\":5,\"UniqueItems\":[]},{\"ItemId\":415,\"TotalCount\":8,\"UniqueItems\":[]},{\"ItemId\":446,\"TotalCount\":1,\"UniqueItems\":[]},{\"ItemId\":392,\"TotalCount\":2,\"UniqueItems\":[]},{\"ItemId\":593,\"TotalCount\":9,\"UniqueItems\":[]},{\"ItemId\":368,\"TotalCount\":3,\"UniqueItems\":[]},{\"ItemId\":373,\"TotalCount\":4,\"UniqueItems\":[]},{\"ItemId\":504,\"TotalCount\":2,\"UniqueItems\":[]},{\"ItemId\":436,\"TotalCount\":1,\"UniqueItems\":[{\"Modules\":[{\"CurrentState\":1,\"TimeRemainingInState\":86400.0,\"PauseDecay\":true,\"Version\":\"0.0.0\",\"ModuleId\":3}]}]},{\"ItemId\":447,\"TotalCount\":1,\"UniqueItems\":[]},{\"ItemId\":397,\"TotalCount\":1,\"UniqueItems\":[]},{\"ItemId\":425,\"TotalCount\":1,\"UniqueItems\":[]},{\"ItemId\":571,\"TotalCount\":3,\"UniqueItems\":[]},{\"ItemId\":369,\"TotalCount\":2,\"UniqueItems\":[]},{\"ItemId\":364,\"TotalCount\":4,\"UniqueItems\":[]}]}}"}}