{"Version":"0.0.0","Data":{"WorldItemManager":"{\"Version\":\"0.0.0\",\"WorldItemStates\":[{\"ObjectNameId\":\"World.GolfCart.01\",\"Position\":{\"x\":735.561462,\"y\":92.11,\"z\":1492.85645},\"Rotation\":{\"y\":59.3326035}},{\"ObjectNameId\":\"World.GolfCart.02\",\"Position\":{\"x\":1030.9928,\"y\":83.629,\"z\":1523.309},\"Rotation\":{\"y\":310.235138}},{\"ObjectNameId\":\"World.GolfCart.03\",\"Position\":{\"x\":1582.8606,\"y\":98.373,\"z\":1340.59045},\"Rotation\":{\"y\":146.876465}},{\"ObjectNameId\":\"World.GolfCart.04\",\"Position\":{\"x\":1014.11,\"y\":140.11,\"z\":1223.06},\"Rotation\":{\"y\":146.876465}},{\"ObjectNameId\":\"World.GolfCart.05\",\"Position\":{\"x\":-1630.61218,\"y\":14.996315,\"z\":453.811859},\"Rotation\":{\"x\":0.5200255,\"y\":18.95781,\"z\":1.08708882},\"ItemStateData\":[{\"Power\":1000.0,\"StateDataTypeId\":1,\"Version\":\"0.0.0\"}]},{\"ObjectNameId\":\"World.GolfCart.06\",\"Position\":{\"x\":-1636.69812,\"y\":14.8938437,\"z\":455.72757},\"Rotation\":{\"x\":0.0344127528,\"y\":19.671402,\"z\":1.1604284},\"ItemStateData\":[{\"Power\":1000.0,\"StateDataTypeId\":1,\"Version\":\"0.0.0\"}]},{\"ObjectNameId\":\"World.GolfCart.07\",\"Position\":{\"x\":-1632.79565,\"y\":14.9626465,\"z\":454.2393},\"Rotation\":{\"x\":0.270484716,\"y\":12.7603655,\"z\":1.19286883},\"ItemStateData\":[{\"Power\":1000.0,\"StateDataTypeId\":1,\"Version\":\"0.0.0\"}]},{\"ObjectNameId\":\"World.GolfCart.08\",\"Position\":{\"x\":1828.626,\"y\":49.343,\"z\":-484.002},\"Rotation\":{\"y\":97.15335}},{\"ObjectNameId\":\"World.GolfCart.09\",\"Position\":{\"x\":1815.72327,\"y\":49.343,\"z\":-509.155945},\"Rotation\":{\"y\":304.951}},{\"ObjectNameId\":\"World.GolfCart.10\",\"Position\":{\"x\":-1634.72156,\"y\":14.9229431,\"z\":455.170319},\"Rotation\":{\"x\":359.9248,\"y\":15.318429,\"z\":0.8458359},\"ItemStateData\":[{\"Power\":1000.0,\"StateDataTypeId\":1,\"Version\":\"0.0.0\"}]},{\"ObjectNameId\":\"World.GolfCart.11\",\"Position\":{\"x\":-928.487061,\"y\":251.064,\"z\":-995.3917},\"Rotation\":{\"y\":185.738235}},{\"ObjectNameId\":\"World.GolfCart.12\",\"Position\":{\"x\":-891.3007,\"y\":251.091,\"z\":-918.248535},\"Rotation\":{\"y\":229.305862}},{\"ObjectNameId\":\"World.GolfCart.13\",\"Position\":{\"x\":1044.47864,\"y\":16.305,\"z\":1825.028},\"Rotation\":{\"x\":7.10553932}},{\"ObjectNameId\":\"World.HangGlider.01\",\"ItemId\":626,\"Position\":{\"x\":-504.4314,\"y\":322.9,\"z\":-307.391937},\"Rotation\":{\"x\":347.33783,\"y\":304.745667,\"z\":6.05460072}},{\"ObjectNameId\":\"World.HangGlider.02\",\"ItemId\":626,\"Position\":{\"x\":-129.59,\"y\":409.49,\"z\":-1028.08},\"Rotation\":{\"x\":345.409454,\"y\":329.2675,\"z\":0.93207866}},{\"ObjectNameId\":\"World.HangGlider.03\",\"ItemId\":626,\"Position\":{\"x\":366.28,\"y\":528.44,\"z\":-160.22},\"Rotation\":{\"x\":345.409454,\"y\":329.2675,\"z\":0.93207866}},{\"ObjectNameId\":\"World.HangGlider.04\",\"ItemId\":626,\"Position\":{\"x\":-1184.1,\"y\":221.516174,\"z\":-1728.82288},\"Rotation\":{\"x\":339.567169,\"y\":202.175552,\"z\":358.482422}},{\"ObjectNameId\":\"World.HangGlider.05\",\"ItemId\":626,\"Position\":{\"x\":733.1571,\"y\":369.35,\"z\":740.7741},\"Rotation\":{\"x\":346.592865,\"y\":55.28923,\"z\":3.63867712}},{\"ObjectNameId\":\"World.HangGlider.06\",\"ItemId\":626,\"Position\":{\"x\":1083.82,\"y\":276.317383,\"z\":-108.445892},\"Rotation\":{\"x\":344.984741,\"y\":55.88374,\"z\":1.21760261}},{\"ObjectNameId\":\"World.HangGlider.07\",\"ItemId\":626,\"Position\":{\"x\":797.909,\"y\":227.65,\"z\":974.662},\"Rotation\":{\"x\":344.984772,\"y\":85.53987,\"z\":1.21760166}},{\"ObjectNameId\":\"World.HangGlider.08\",\"ItemId\":626,\"Position\":{\"x\":-30.42196,\"y\":250.851,\"z\":665.780762},\"Rotation\":{\"x\":344.984772,\"y\":29.0722332,\"z\":1.2176019}},{\"ObjectNameId\":\"World.HangGlider.09\",\"ItemId\":626,\"Position\":{\"x\":1297.53906,\"y\":193.973,\"z\":-30.139},\"Rotation\":{\"x\":344.984741,\"y\":92.78199,\"z\":1.217601},\"State\":1},{\"ObjectNameId\":\"World.HangGlider.10\",\"ItemId\":626,\"Position\":{\"x\":789.7307,\"y\":400.973053,\"z\":273.9027},\"Rotation\":{\"x\":347.482727,\"y\":134.715927,\"z\":6.64512062}},{\"ObjectNameId\":\"World.HangGlider.11\",\"ItemId\":626,\"Position\":{\"x\":-1772.03,\"y\":83.56678,\"z\":1171.02441},\"Rotation\":{\"x\":347.06366,\"y\":258.640076,\"z\":4.550671}},{\"ObjectNameId\":\"World.HangGlider.12\",\"ItemId\":626,\"Position\":{\"x\":-1297.054,\"y\":79.975,\"z\":1740.63477},\"Rotation\":{\"x\":345.6263,\"y\":51.9747849,\"z\":2.88373137}},{\"ObjectNameId\":\"World.HangGlider.13\",\"ItemId\":626,\"Position\":{\"x\":-799.537,\"y\":189.46,\"z\":-281.768},\"Rotation\":{\"x\":345.6263,\"y\":325.6798,\"z\":2.883733}},{\"ObjectNameId\":\"World.HangGlider.14\",\"ItemId\":626,\"Position\":{\"x\":846.108,\"y\":208.549,\"z\":1105.33716},\"Rotation\":{\"x\":345.6263,\"y\":41.03186,\"z\":2.88373685}},{\"ObjectNameId\":\"World.KnightV.01\",\"ItemId\":630,\"Position\":{\"x\":-1271.26,\"y\":103.854,\"z\":-14.9114027},\"Rotation\":{\"z\":326.879028},\"State\":1},{\"ObjectNameId\":\"World.KnightV.02\",\"ItemId\":630,\"Position\":{\"x\":-1121.4198,\"y\":37.108,\"z\":1628.24243},\"Rotation\":{\"x\":352.2902,\"y\":49.62521,\"z\":311.589752}},{\"ObjectNameId\":\"World.KnightV.03\",\"ItemId\":630,\"Position\":{\"x\":-238.128,\"y\":97.089,\"z\":950.960266},\"Rotation\":{\"x\":356.628723,\"y\":69.52765,\"z\":37.52209}},{\"ObjectNameId\":\"World.KnightV.04\",\"ItemId\":630,\"Position\":{\"x\":-1031.791,\"y\":226.86,\"z\":-625.11},\"Rotation\":{\"x\":351.3573,\"y\":158.840546,\"z\":335.1593}},{\"ObjectNameId\":\"World.KnightV.05\",\"ItemId\":630,\"Position\":{\"x\":1285.29871,\"y\":228.157,\"z\":-725.347},\"Rotation\":{\"x\":354.536316,\"y\":258.733917,\"z\":33.54773}},{\"ObjectNameId\":\"World.KnightV.06\",\"ItemId\":630,\"Position\":{\"x\":1106.58667,\"y\":87.5037155,\"z\":1622.528},\"Rotation\":{\"x\":353.512939,\"y\":186.727982,\"z\":59.38967}},{\"ObjectNameId\":\"World.KnightV.07\",\"ItemId\":630,\"Position\":{\"x\":1454.986,\"y\":192.25,\"z\":-417.372},\"Rotation\":{\"x\":355.17334,\"y\":306.921173,\"z\":323.681152}},{\"ObjectNameId\":\"World.KnightV.08\",\"ItemId\":630,\"Position\":{\"x\":-1092.74023,\"y\":93.476,\"z\":1277.42529},\"Rotation\":{\"x\":353.6405,\"y\":269.1214,\"z\":53.79985},\"State\":1},{\"ObjectNameId\":\"World.KnightV.09\",\"ItemId\":630,\"Position\":{\"x\":-1177.635,\"y\":227.554,\"z\":-1697.917},\"Rotation\":{\"x\":0.430921555,\"y\":210.561981,\"z\":312.084717}},{\"ObjectNameId\":\"World.KnightV.10\",\"ItemId\":630,\"Position\":{\"x\":-973.578,\"y\":272.885,\"z\":-783.283},\"Rotation\":{\"x\":359.134064,\"y\":148.511169,\"z\":308.603241}},{\"ObjectNameId\":\"World.KnightV.11\",\"ItemId\":630,\"Position\":{\"x\":-734.531,\"y\":134.001541,\"z\":28.555},\"Rotation\":{\"x\":359.134064,\"y\":275.3971,\"z\":308.603241}},{\"ObjectNameId\":\"World.KnightV.12\",\"ItemId\":630,\"Position\":{\"x\":-973.578,\"y\":272.885,\"z\":-783.283},\"Rotation\":{\"x\":359.134064,\"y\":148.511169,\"z\":308.603241}},{\"ObjectNameId\":\"World.KnightV.13\",\"ItemId\":630,\"Position\":{\"x\":-1132.82556,\"y\":278.821,\"z\":-1086.89417},\"Rotation\":{\"x\":356.135834,\"y\":114.3761,\"z\":40.2333832},\"State\":1},{\"ObjectNameId\":\"c52767c2-9d7d-45e0-bbad-72615f83fcd6\",\"ItemId\":630,\"Position\":{\"x\":-806.70636,\"y\":130.288239,\"z\":54.03418},\"Rotation\":{\"x\":58.0936546,\"y\":118.347771,\"z\":182.6527},\"RuntimeCreated\":true},{\"ObjectNameId\":\"3cb24bbe-df3a-4904-95fb-e4d5e29d8488\",\"ItemId\":626,\"Position\":{\"x\":70.47871,\"y\":222.13237,\"z\":761.4568},\"Rotation\":{\"x\":352.451019,\"y\":14.408576,\"z\":10.0576487},\"RuntimeCreated\":true},{\"ObjectNameId\":\"a10721bd-eb4f-437d-a768-d3c9d6208852\",\"ItemId\":630,\"Position\":{\"x\":-1286.91125,\"y\":94.5643845,\"z\":7.594276},\"Rotation\":{\"x\":3.36252618,\"y\":336.209778,\"z\":0.02719757},\"RuntimeCreated\":true},{\"ObjectNameId\":\"371df16e-c7b9-40d2-9c80-3bdbf7d27c11\",\"ItemId\":630,\"Position\":{\"x\":-1258.9071,\"y\":112.927994,\"z\":-35.521637},\"Rotation\":{\"x\":358.687042,\"y\":110.044273,\"z\":359.463654},\"RuntimeCreated\":true},{\"ObjectNameId\":\"9e991f5c-a4a0-4069-9131-e7141798a92a\",\"ItemId\":630,\"Position\":{\"x\":-1111.784,\"y\":127.103,\"z\":-177.552719},\"Rotation\":{\"x\":314.59137,\"y\":195.019913,\"z\":124.935883},\"RuntimeCreated\":true},{\"ObjectNameId\":\"269403d9-4025-4803-94cd-b2a7f70029d2\",\"ItemId\":630,\"Position\":{\"x\":-536.5768,\"y\":195.594788,\"z\":124.113586},\"Rotation\":{\"x\":353.523438,\"y\":278.6418,\"z\":1.23230386},\"RuntimeCreated\":true},{\"ObjectNameId\":\"58f31698-c767-4206-bd12-60d2002c53c9\",\"ItemId\":630,\"Position\":{\"x\":-1135.544,\"y\":279.159241,\"z\":-1105.32275},\"Rotation\":{\"x\":71.8805161,\"y\":221.380722,\"z\":172.764587},\"RuntimeCreated\":true},{\"ObjectNameId\":\"3a0804eb-75ce-4d3c-b25a-d90a0a7fc1d9\",\"ItemId\":630,\"Position\":{\"x\":1294.3739,\"y\":191.575287,\"z\":-21.4988041},\"Rotation\":{\"x\":317.213745,\"y\":34.0458527,\"z\":128.04924},\"RuntimeCreated\":true},{\"ObjectNameId\":\"ba46d958-bfb6-43a2-b12d-22a03fa5f56a\",\"ItemId\":630,\"Position\":{\"x\":1315.65637,\"y\":115.084793,\"z\":-108.006516},\"Rotation\":{\"x\":3.35204959,\"y\":144.10701,\"z\":359.991058},\"RuntimeCreated\":true},{\"ObjectNameId\":\"2d4ffe8c-2a2c-4e62-b80c-7ded21d1266f\",\"ItemId\":626,\"Position\":{\"x\":1314.22778,\"y\":114.471184,\"z\":-108.205849},\"Rotation\":{\"x\":359.541748,\"y\":132.55748,\"z\":359.914551},\"RuntimeCreated\":true},{\"ObjectNameId\":\"49ce9d1b-5419-4f95-a0c5-562a3e0966b9\",\"ItemId\":630,\"Position\":{\"x\":1291.83752,\"y\":192.5219,\"z\":-23.6599255},\"Rotation\":{\"x\":9.345719,\"y\":77.2284546,\"z\":128.5767},\"RuntimeCreated\":true},{\"ObjectNameId\":\"c547ef47-fe3b-45f1-b830-42749dd1dd50\",\"ItemId\":626,\"Position\":{\"x\":1208.02075,\"y\":209.9856,\"z\":-430.869537},\"Rotation\":{\"x\":335.97345,\"y\":271.6657,\"z\":159.833},\"RuntimeCreated\":true},{\"ObjectNameId\":\"52050d4b-9527-4809-a14c-5cb3d44f4b1b\",\"ItemId\":626,\"Position\":{\"x\":1236.66675,\"y\":237.6261,\"z\":-656.4746},\"Rotation\":{\"x\":336.5299,\"y\":300.5551,\"z\":0.004029341},\"RuntimeCreated\":true},{\"ObjectNameId\":\"ee3d4712-f680-42c4-920a-2d38e7e29355\",\"ItemId\":630,\"Position\":{\"x\":1293.81543,\"y\":193.737625,\"z\":-29.3040771},\"Rotation\":{\"x\":4.582836,\"y\":302.1692,\"z\":246.974487},\"RuntimeCreated\":true},{\"ObjectNameId\":\"6c0ca22b-8b5d-470f-92e3-1f08889f48ad\",\"ItemId\":626,\"Position\":{\"x\":1310.29272,\"y\":118.041222,\"z\":-44.3087273},\"Rotation\":{\"x\":336.532776,\"y\":145.7206,\"z\":-0.00210258365},\"RuntimeCreated\":true},{\"ObjectNameId\":\"52b5a78b-ae49-4261-b560-1dcdfca38b99\",\"ItemId\":630,\"Position\":{\"x\":-1133.93188,\"y\":278.902161,\"z\":-1090.31555},\"Rotation\":{\"x\":1.17840731,\"y\":118.6654,\"z\":0.4174166},\"RuntimeCreated\":true},{\"ObjectNameId\":\"abf3e046-b01b-42e5-9ff9-20fb6ef95893\",\"ItemId\":630,\"Position\":{\"x\":-1123.67249,\"y\":37.3364639,\"z\":1627.197},\"Rotation\":{\"x\":2.6958518,\"y\":205.199249,\"z\":116.232239},\"RuntimeCreated\":true},{\"ObjectNameId\":\"97f09b81-c11d-46b0-aaae-a4ea2c878c55\",\"ItemId\":630,\"Position\":{\"x\":-1647.41125,\"y\":15.1722555,\"z\":440.746643},\"Rotation\":{\"x\":359.9264,\"y\":101.961884,\"z\":249.881729},\"RuntimeCreated\":true},{\"ObjectNameId\":\"85be7637-fc29-4abc-bd51-4cdb5898ffee\",\"ItemId\":630,\"Position\":{\"x\":-1646.8811,\"y\":15.3988447,\"z\":432.605347},\"Rotation\":{\"x\":357.1069,\"y\":132.568832,\"z\":359.170776},\"RuntimeCreated\":true},{\"ObjectNameId\":\"55623d3f-1db7-44f9-81b8-4c6339165da3\",\"ItemId\":630,\"Position\":{\"x\":-470.6782,\"y\":85.96838,\"z\":708.7146},\"Rotation\":{\"x\":356.074738,\"y\":234.2715,\"z\":355.6239},\"RuntimeCreated\":true},{\"ObjectNameId\":\"28108508-f864-4e86-a69a-60b4419f4069\",\"ItemId\":630,\"Position\":{\"x\":-1644.42358,\"y\":15.2165728,\"z\":447.7556},\"Rotation\":{\"x\":59.508297,\"y\":117.206673,\"z\":90.0260849},\"RuntimeCreated\":true},{\"ObjectNameId\":\"9eb9cb2c-e5c1-4e4e-b74e-cc7de93f0c31\",\"ItemId\":630,\"Position\":{\"x\":-1090.98071,\"y\":133.089554,\"z\":-142.4063},\"Rotation\":{\"x\":13.8146362,\"y\":321.8105,\"z\":2.57459021},\"RuntimeCreated\":true},{\"ObjectNameId\":\"f6b4d927-05c3-4198-a84f-2d83f6c2d885\",\"ItemId\":630,\"Position\":{\"x\":-1420.09485,\"y\":44.7776527,\"z\":144.5421},\"Rotation\":{\"x\":348.773621,\"y\":267.18808,\"z\":248.575348},\"RuntimeCreated\":true}]}"}}