{"Version":"0.0.0","Data":{"PlayerState":"{\"_entries\":[{\"Name\":\"GotTutorialTarp\",\"BoolValue\":true},{\"Name\":\"isNewItemInInventory_00000483\"},{\"Name\":\"isNewItemInInventory_00000635\"},{\"Name\":\"isNewItemInInventory_00000476\"},{\"Name\":\"isNewItemInInventory_00000380\"},{\"Name\":\"isNewItemInInventory_00000486\"},{\"Name\":\"InventoryLightsActive\"},{\"Name\":\"hasOwned_00000402\",\"BoolValue\":true},{\"Name\":\"crafted.00000379\",\"SettingType\":1,\"IntValue\":1},{\"Name\":\"crafted.00000412\",\"SettingType\":1,\"IntValue\":1},{\"Name\":\"crafted.00000413\",\"SettingType\":1,\"IntValue\":1},{\"Name\":\"crafted.00000589\",\"SettingType\":1,\"IntValue\":1},{\"Name\":\"isNewCraftingRecipe_StartingEmergencyPackRecipe\"},{\"Name\":\"isNewItemInInventory_00000420\"},{\"Name\":\"isNewItemInInventory_00000440\"},{\"Name\":\"isNewItemInInventory_00000402\"},{\"Name\":\"isNewItemInInventory_00000379\"},{\"Name\":\"isNewItemInInventory_00000437\"},{\"Name\":\"isNewItemInInventory_00000362\"},{\"Name\":\"isNewItemInInventory_00000412\"},{\"Name\":\"isNewItemInInventory_00000381\"},{\"Name\":\"isNewItemInInventory_00000445\"},{\"Name\":\"seenFirstTimeEquip_00000379\",\"BoolValue\":true},{\"Name\":\"ShowMissingTacticalsTutorial\"},{\"Name\":\"ShowMissingPufftonsTutorial\"},{\"Name\":\"seenFirstTimeEquip_00000412\",\"BoolValue\":true},{\"Name\":\"isNewItemInInventory_00000390\"},{\"Name\":\"isNewItemInInventory_00000419\"},{\"Name\":\"isNewItemInInventory_00000413\"},{\"Name\":\"isNewItemInInventory_00000589\"},{\"Name\":\"consumed.00000437\",\"SettingType\":1,\"IntValue\":12},{\"Name\":\"seenFirstTimeEquip_00000589\",\"BoolValue\":true},{\"Name\":\"TutorialBookPageIndex\",\"SettingType\":1,\"IntValue\":1},{\"Name\":\"SCREWBookLastUsed\",\"BoolValue\":true},{\"Name\":\"BlueprintBookPageIndex\",\"SettingType\":1,\"IntValue\":13},{\"Name\":\"seenFirstTimeEquip_00000413\",\"BoolValue\":true},{\"Name\":\"isNewCraftingRecipeTutorial_CraftedSpearRecipe\"},{\"Name\":\"isNewItemInInventory_00000392\"},{\"Name\":\"seenFirstTimeEquip_00000396\",\"BoolValue\":true},{\"Name\":\"crafted.00000474\",\"SettingType\":1,\"IntValue\":1},{\"Name\":\"isNewCraftingRecipe_CraftedSpearRecipe\"},{\"Name\":\"isNewItemInInventory_00000396\"},{\"Name\":\"isNewCraftingRecipeTutorial_CraftedBowRecipe\"},{\"Name\":\"Strength\",\"SettingType\":2,\"FloatValue\":2.71533966},{\"Name\":\"StrengthLevel\",\"SettingType\":1,\"IntValue\":14},{\"Name\":\"CurrentStrength\",\"SettingType\":2,\"FloatValue\":257.9209},{\"Name\":\"RequiredCurrentStrengthPerLevel\",\"SettingType\":2,\"FloatValue\":9498.66},{\"Name\":\"MaxHealth\",\"SettingType\":2,\"FloatValue\":126.0},{\"Name\":\"CurrentHealth\",\"SettingType\":2,\"FloatValue\":126.0},{\"Name\":\"TargetHealth\",\"SettingType\":2,\"FloatValue\":126.0},{\"Name\":\"Hydration\",\"SettingType\":2,\"FloatValue\":46.66337},{\"Name\":\"Fullness\",\"SettingType\":2,\"FloatValue\":49.230175},{\"Name\":\"Rest\",\"SettingType\":2,\"FloatValue\":62.12984},{\"Name\":\"Stamina\",\"SettingType\":2,\"FloatValue\":59.05204},{\"Name\":\"HydrationBuff\",\"SettingType\":2,\"FloatValue\":-0.5333662},{\"Name\":\"FullnessBuff\",\"SettingType\":2,\"FloatValue\":-20.481163},{\"Name\":\"RestBuff\",\"SettingType\":2,\"FloatValue\":-3.39746475E-06},{\"Name\":\"CookingBuffTimeRemaining\",\"SettingType\":2},{\"Name\":\"CookingBuffRecipe\",\"SettingType\":1,\"IntValue\":-1},{\"Name\":\"player.position\",\"SettingType\":4,\"FloatArrayValue\":[-1199.354,59.8732834,80.7091141]},{\"Name\":\"player.rotation\",\"SettingType\":4,\"FloatArrayValue\":[0.0,0.9950793,3.72529074E-09,0.0990823656]},{\"Name\":\"player.areaMask\",\"SettingType\":1,\"IntValue\":1048576},{\"Name\":\"HasDismountedFromKnightVBefore\",\"BoolValue\":true},{\"Name\":\"isNewItemInInventory_00000433\"},{\"Name\":\"isNewItemInInventory_00000438\"},{\"Name\":\"isNewItemInInventory_00000414\"},{\"Name\":\"isNewItemInInventory_00000425\"},{\"Name\":\"consumed.00000425\",\"SettingType\":1,\"IntValue\":1},{\"Name\":\"isNewItemInInventory_00000418\"},{\"Name\":\"isNewItemInInventory_00000410\"},{\"Name\":\"isNewCraftingRecipeTutorial_CraftedAxeRecipe\"},{\"Name\":\"isNewItemInInventory_00000403\"},{\"Name\":\"isNewItemInInventory_00000393\"},{\"Name\":\"crafted.00000443\",\"SettingType\":1,\"IntValue\":1},{\"Name\":\"isNewCraftingRecipe_CraftedBowRecipe\"},{\"Name\":\"isNewItemInInventory_00000454\"},{\"Name\":\"crafted.00000422\",\"SettingType\":1,\"IntValue\":1},{\"Name\":\"isNewCraftingRecipe_CraftedAxeRecipe\"},{\"Name\":\"isNewItemInInventory_00000449\"},{\"Name\":\"isNewItemInInventory_00000484\"},{\"Name\":\"isNewItemInInventory_00000432\"},{\"Name\":\"isNewCraftingRecipeTutorial_CraftedArrowsRecipe\"},{\"Name\":\"isNewItemInInventory_00000479\"},{\"Name\":\"crafted.00000507\",\"SettingType\":1,\"IntValue\":48},{\"Name\":\"isNewCraftingRecipe_CraftedArrowsRecipe\"},{\"Name\":\"isNewItemInInventory_00000416\"},{\"Name\":\"isNewItemInInventory_00000441\"},{\"Name\":\"consumed.00000441\",\"SettingType\":1,\"IntValue\":8},{\"Name\":\"consumed.00000445\",\"SettingType\":1,\"IntValue\":32},{\"Name\":\"isNewItemInInventory_00000446\"},{\"Name\":\"isNewItemInInventory_00000648\"},{\"Name\":\"isNewItemInInventory_00000422\"},{\"Name\":\"isNewItemInInventory_00000517\"},{\"Name\":\"isNewItemInInventory_00000443\"},{\"Name\":\"consumed.00000466\",\"SettingType\":1,\"IntValue\":29},{\"Name\":\"consumed.00000449\",\"SettingType\":1,\"IntValue\":1},{\"Name\":\"isNewItemInInventory_00000496\"},{\"Name\":\"isNewItemInInventory_00000439\"},{\"Name\":\"isNewItemInInventory_00000401\"},{\"Name\":\"isNewItemInInventory_00000466\"},{\"Name\":\"consumed.00000438\",\"SettingType\":1,\"IntValue\":12},{\"Name\":\"consumed.00000439\",\"SettingType\":1,\"IntValue\":4},{\"Name\":\"isNewItemInInventory_00000398\"},{\"Name\":\"isNewItemInInventory_00000495\"},{\"Name\":\"isNewItemInInventory_00000504\"},{\"Name\":\"isNewItemInInventory_00000523\"},{\"Name\":\"isNewItemInInventory_00000376\"},{\"Name\":\"isNewItemInInventory_00000450\"},{\"Name\":\"isNewItemInInventory_00000400\"},{\"Name\":\"consumed.00000400\",\"SettingType\":1,\"IntValue\":1},{\"Name\":\"isNewItemInInventory_00000599\"},{\"Name\":\"consumed.00000401\",\"SettingType\":1,\"IntValue\":2},{\"Name\":\"consumed.00000433\",\"SettingType\":1,\"IntValue\":7},{\"Name\":\"consumed.00000517\",\"SettingType\":1,\"IntValue\":26},{\"Name\":\"isNewItemInInventory_00000452\"},{\"Name\":\"isNewItemInInventory_00000453\"},{\"Name\":\"isNewItemInInventory_00000524\"},{\"Name\":\"isNewItemInInventory_00000606\"},{\"Name\":\"isNewCraftingRecipeTutorial_HealthMixPlusRecipe\"},{\"Name\":\"isNewCraftingRecipeTutorial_HealthMixRecipe\"},{\"Name\":\"isNewCraftingRecipeTutorial_LeafArmourRecipe\"},{\"Name\":\"isNewCraftingRecipeTutorial_MolotovRecipe\"},{\"Name\":\"isNewCraftingRecipeTutorial_TorchRecipe\"},{\"Name\":\"isNewItemInInventory_00000459\"},{\"Name\":\"isNewItemInInventory_00000415\"},{\"Name\":\"isNewItemInInventory_00000451\"},{\"Name\":\"consumed.00000398\",\"SettingType\":1,\"IntValue\":2},{\"Name\":\"consumed.00000446\",\"SettingType\":1,\"IntValue\":3},{\"Name\":\"isNewCraftingRecipeTutorial_EnergyMixPlusRecipe\"},{\"Name\":\"isNewCraftingRecipeTutorial_EnergyMixRecipe\"},{\"Name\":\"isNewCraftingRecipeTutorial_DeerHideArmourRecipe\"},{\"Name\":\"isNewItemInInventory_00000356\"},{\"Name\":\"isNewItemInInventory_00000472\"},{\"Name\":\"isNewItemInInventory_00000651\"},{\"Name\":\"isNewItemInInventory_00000436\"},{\"Name\":\"HasBeenTiredBefore\",\"BoolValue\":true},{\"Name\":\"consumed.00000436\",\"SettingType\":1,\"IntValue\":13},{\"Name\":\"seenFirstTimeEquip_00000471\",\"BoolValue\":true},{\"Name\":\"isNewItemInInventory_00000447\"},{\"Name\":\"consumed.00000447\",\"SettingType\":1,\"IntValue\":9},{\"Name\":\"consumed.00000451\",\"SettingType\":1,\"IntValue\":1},{\"Name\":\"isNewItemInInventory_00000482\"},{\"Name\":\"isNewItemInInventory_00000480\"},{\"Name\":\"isNewItemInInventory_00000465\"},{\"Name\":\"isNewItemInInventory_00000604\"},{\"Name\":\"isNewItemInInventory_00000508\"},{\"Name\":\"isNewItemInInventory_00000471\"},{\"Name\":\"isNewItemInInventory_00000605\"},{\"Name\":\"isNewItemInInventory_00000481\"},{\"Name\":\"isNewItemInInventory_00000518\"},{\"Name\":\"isNewCraftingRecipeTutorial_BoneArmourRecipe\"},{\"Name\":\"isNewItemInInventory_00000405\"},{\"Name\":\"consumed.00000480\",\"SettingType\":1,\"IntValue\":1},{\"Name\":\"isNewCraftingRecipeTutorial_TimeBombRecipe\"},{\"Name\":\"hasOwned_00000490\",\"BoolValue\":true},{\"Name\":\"isNewCraftingRecipeTutorial_CraftedClubRecipe\"},{\"Name\":\"consumed.00000481\",\"SettingType\":1,\"IntValue\":1},{\"Name\":\"isNewCraftingRecipeTutorial_CatFoodRecipe\"},{\"Name\":\"isNewItemInInventory_00000434\"},{\"Name\":\"crafted.00000464\",\"SettingType\":1,\"IntValue\":1},{\"Name\":\"isNewCraftingRecipe_CatFoodRecipe\"},{\"Name\":\"isNewItemInInventory_00000464\"},{\"Name\":\"consumed.00000464\",\"SettingType\":1,\"IntValue\":1},{\"Name\":\"seenFirstTimeEquip_00000486\",\"BoolValue\":true},{\"Name\":\"isNewCraftingRecipeTutorial_FlashlightRechargeRecipe\"},{\"Name\":\"isNewItemInInventory_00000502\"},{\"Name\":\"PointOfInterestFound_Bunker Entertainment\",\"BoolValue\":true},{\"Name\":\"isNewItemInInventory_00000634\"},{\"Name\":\"isNewItemInInventory_00000430\"},{\"Name\":\"isNewItemInInventory_00000469\"},{\"Name\":\"isNewItemInInventory_00000490\"},{\"Name\":\"isNewItemInInventory_00000593\"},{\"Name\":\"hasOwned_00000495\",\"BoolValue\":true},{\"Name\":\"crafted.00000494\",\"SettingType\":1,\"IntValue\":4},{\"Name\":\"isNewCraftingRecipe_BoneArmourRecipe\"},{\"Name\":\"seenFirstTimeEquip_00000353\",\"BoolValue\":true},{\"Name\":\"DoneBuildFireTutorial\",\"BoolValue\":true},{\"Name\":\"hasOwned_00000444\",\"BoolValue\":true},{\"Name\":\"seenFirstTimeEquip_00000444\",\"BoolValue\":true},{\"Name\":\"isNewItemInInventory_00000444\"},{\"Name\":\"isNewItemInInventory_00000494\"},{\"Name\":\"isNewItemInInventory_00000527\"},{\"Name\":\"isNewItemInInventory_00000363\"},{\"Name\":\"crafted.00000419\",\"SettingType\":1,\"IntValue\":16},{\"Name\":\"crafted.00000415\",\"SettingType\":1,\"IntValue\":6},{\"Name\":\"isNewCraftingRecipe_LootPouchRecipe\"},{\"Name\":\"crafted.00000502\",\"SettingType\":1,\"IntValue\":5},{\"Name\":\"crafted.00000410\",\"SettingType\":1,\"IntValue\":2},{\"Name\":\"crafted.00000447\",\"SettingType\":1,\"IntValue\":1},{\"Name\":\"crafted.00000441\",\"SettingType\":1,\"IntValue\":5},{\"Name\":\"crafted.00000418\",\"SettingType\":1,\"IntValue\":7},{\"Name\":\"crafted.00000496\",\"SettingType\":1,\"IntValue\":1},{\"Name\":\"crafted.00000437\",\"SettingType\":1,\"IntValue\":7},{\"Name\":\"crafted.00000445\",\"SettingType\":1,\"IntValue\":2},{\"Name\":\"crafted.00000391\",\"SettingType\":1,\"IntValue\":3},{\"Name\":\"crafted.00000553\",\"SettingType\":1,\"IntValue\":5},{\"Name\":\"seenFirstTimeEquip_00000355\",\"BoolValue\":true},{\"Name\":\"isNewItemInInventory_00000353\"},{\"Name\":\"isNewItemInInventory_00000355\"},{\"Name\":\"crafted.00000355\",\"SettingType\":1,\"IntValue\":1},{\"Name\":\"isNewCraftingRecipe_CompactPistolRailModRecipe\"},{\"Name\":\"isNewItemInInventory_00000529\"},{\"Name\":\"isNewItemInInventory_00000507\"},{\"Name\":\"crafted.00000439\",\"SettingType\":1,\"IntValue\":1},{\"Name\":\"crafted.00000479\",\"SettingType\":1,\"IntValue\":2},{\"Name\":\"crafted.00000446\",\"SettingType\":1,\"IntValue\":1},{\"Name\":\"isNewItemInInventory_00000399\"},{\"Name\":\"crafted.00000466\",\"SettingType\":1,\"IntValue\":2},{\"Name\":\"seenFirstTimeEquip_00000575\",\"BoolValue\":true},{\"Name\":\"isNewCraftingRecipeTutorial_TechArmourRecipe\"},{\"Name\":\"isNewItemInInventory_00000553\"},{\"Name\":\"crafted.00000426\",\"SettingType\":1,\"IntValue\":3},{\"Name\":\"crafted.00000618\",\"SettingType\":1,\"IntValue\":15},{\"Name\":\"crafted.00000560\",\"SettingType\":1,\"IntValue\":4},{\"Name\":\"isNewItemInInventory_00000426\"},{\"Name\":\"isNewItemInInventory_00000369\"},{\"Name\":\"isNewCraftingRecipeTutorial_ZiplineRopeRecipe\"}],\"NamedInts\":[{\"SaveObjectNameId\":\"BunkerLuxury.Cutscene.MutantBossIntro\"}]}"}}