{"Version":"0.0.0","Data":{"FreeFormStructureLinkerManager":"{\"_nodeLinkersData\":[],\"_builtLinkersData\":[null,null,{\"_typeId\":4,\"_instanceId\":38},{\"_typeId\":4,\"_instanceId\":37},null,null,{\"_typeId\":4,\"_instanceId\":35},null,null,null,{\"_typeId\":2,\"_instanceId\":3},{\"_typeId\":4,\"_instanceId\":3},null,null,null,{\"_typeId\":8,\"_instanceId\":28},{\"_typeId\":4,\"_instanceId\":67},{\"_typeId\":4,\"_instanceId\":1},null,null,null,{\"_typeId\":8,\"_instanceId\":26},{\"_typeId\":3,\"_instanceId\":173},null,{\"_typeId\":9,\"_instanceId\":6},null,{\"_typeId\":9,\"_instanceId\":7},{\"_typeId\":9,\"_instanceId\":8},{\"_typeId\":9,\"_instanceId\":32},{\"_typeId\":9,\"_instanceId\":27},{\"_typeId\":9,\"_instanceId\":2},{\"_typeId\":9,\"_instanceId\":11},null,null,null,null,null,null,null,null,null,{\"_typeId\":2,\"_instanceId\":27},null,null,{\"_typeId\":4,\"_instanceId\":28},{\"_typeId\":4,\"_instanceId\":4},{\"_typeId\":3,\"_instanceId\":342},null,{\"_typeId\":4,\"_instanceId\":53},{\"_typeId\":4,\"_instanceId\":130},{\"_typeId\":4,\"_instanceId\":131},{\"_typeId\":4,\"_instanceId\":131},null,null,null,{\"_typeId\":4,\"_instanceId\":137},{\"_typeId\":4,\"_instanceId\":138},{\"_typeId\":4,\"_instanceId\":137},null,{\"_typeId\":4,\"_instanceId\":128},{\"_typeId\":4,\"_instanceId\":136},null,null,null,null,null,null,null,null,null,null,{\"_typeId\":4,\"_instanceId\":168},null,null,null,{\"_typeId\":4,\"_instanceId\":139},{\"_typeId\":4,\"_instanceId\":139},{\"_typeId\":4,\"_instanceId\":151},{\"_typeId\":4,\"_instanceId\":22},{\"_typeId\":4,\"_instanceId\":6},null,null,null,null,null,null,null,null,{\"_typeId\":4,\"_instanceId\":107},{\"_typeId\":4,\"_instanceId\":108},{\"_typeId\":4,\"_instanceId\":108},{\"_typeId\":4,\"_instanceId\":107},{\"_typeId\":4,\"_instanceId\":98},{\"_typeId\":4,\"_instanceId\":120},null,null,null,null,null,null,null,null,null,null,null,null,null,null,null,null,null,null,{\"_typeId\":4,\"_instanceId\":178},{\"_typeId\":4,\"_instanceId\":179},{\"_typeId\":4,\"_instanceId\":109},{\"_typeId\":4,\"_instanceId\":107},{\"_typeId\":4,\"_instanceId\":109},{\"_typeId\":4,\"_instanceId\":179},{\"_typeId\":4,\"_instanceId\":182},{\"_typeId\":4,\"_instanceId\":183},{\"_typeId\":4,\"_instanceId\":131},{\"_typeId\":4,\"_instanceId\":183},{\"_typeId\":4,\"_instanceId\":136},{\"_typeId\":4,\"_instanceId\":186},null,{\"_typeId\":4,\"_instanceId\":117},{\"_typeId\":4,\"_instanceId\":117},{\"_typeId\":4,\"_instanceId\":112},{\"_typeId\":4,\"_instanceId\":112},{\"_typeId\":4,\"_instanceId\":112},{\"_typeId\":4,\"_instanceId\":117},{\"_typeId\":4,\"_instanceId\":192},{\"_typeId\":4,\"_instanceId\":94},{\"_typeId\":4,\"_instanceId\":94},{\"_typeId\":4,\"_instanceId\":94},{\"_typeId\":4,\"_instanceId\":106},{\"_typeId\":4,\"_instanceId\":200},{\"_typeId\":4,\"_instanceId\":106},{\"_typeId\":4,\"_instanceId\":200},{\"_typeId\":4,\"_instanceId\":140},{\"_typeId\":4,\"_instanceId\":200},{\"_typeId\":4,\"_instanceId\":209},{\"_typeId\":4,\"_instanceId\":208},{\"_typeId\":4,\"_instanceId\":209},{\"_typeId\":4,\"_instanceId\":208},{\"_typeId\":4,\"_instanceId\":207},{\"_typeId\":4,\"_instanceId\":208},{\"_typeId\":4,\"_instanceId\":207},{\"_typeId\":4,\"_instanceId\":206},{\"_typeId\":4,\"_instanceId\":207},{\"_typeId\":4,\"_instanceId\":210},{\"_typeId\":4,\"_instanceId\":211},{\"_typeId\":4,\"_instanceId\":210},{\"_typeId\":4,\"_instanceId\":211},{\"_typeId\":4,\"_instanceId\":212},{\"_typeId\":4,\"_instanceId\":211},{\"_typeId\":4,\"_instanceId\":213},{\"_typeId\":4,\"_instanceId\":213},{\"_typeId\":4,\"_instanceId\":212},{\"_typeId\":4,\"_instanceId\":103},{\"_typeId\":4,\"_instanceId\":103},{\"_typeId\":4,\"_instanceId\":100},{\"_typeId\":4,\"_instanceId\":100},{\"_typeId\":4,\"_instanceId\":100},{\"_typeId\":4,\"_instanceId\":147},{\"_typeId\":4,\"_instanceId\":210},{\"_typeId\":4,\"_instanceId\":209},{\"_typeId\":4,\"_instanceId\":210},null,null,null,null,null,null,{\"_typeId\":4,\"_instanceId\":196},{\"_typeId\":4,\"_instanceId\":195},{\"_typeId\":4,\"_instanceId\":193},{\"_typeId\":4,\"_instanceId\":195},null,{\"_typeId\":4,\"_instanceId\":187},null,{\"_typeId\":19,\"_instanceId\":5},{\"_typeId\":4,\"_instanceId\":162},{\"_typeId\":4,\"_instanceId\":128},{\"_typeId\":4,\"_instanceId\":223},{\"_typeId\":4,\"_instanceId\":231},{\"_typeId\":4,\"_instanceId\":232},{\"_typeId\":4,\"_instanceId\":229},{\"_typeId\":4,\"_instanceId\":230},{\"_typeId\":4,\"_instanceId\":227},{\"_typeId\":4,\"_instanceId\":224},{\"_typeId\":4,\"_instanceId\":226},{\"_typeId\":4,\"_instanceId\":233},{\"_typeId\":4,\"_instanceId\":225},{\"_typeId\":8,\"_instanceId\":69},{\"_typeId\":19,\"_instanceId\":7},{\"_typeId\":4,\"_instanceId\":186},null,null,null,{\"_typeId\":3,\"_instanceId\":794},{\"_typeId\":3,\"_instanceId\":720},{\"_typeId\":3,\"_instanceId\":775},{\"_typeId\":3,\"_instanceId\":242},{\"_typeId\":4,\"_instanceId\":254},{\"_typeId\":20,\"_instanceId\":55},{\"_typeId\":3,\"_instanceId\":246},{\"_typeId\":4,\"_instanceId\":263},{\"_typeId\":3,\"_instanceId\":844},{\"_typeId\":3,\"_instanceId\":794},{\"_typeId\":4,\"_instanceId\":261},{\"_typeId\":4,\"_instanceId\":262},null,null,null,{\"_typeId\":3,\"_instanceId\":811},{\"_typeId\":3,\"_instanceId\":845},{\"_typeId\":4,\"_instanceId\":272},{\"_typeId\":4,\"_instanceId\":113},{\"_typeId\":4,\"_instanceId\":269},{\"_typeId\":4,\"_instanceId\":271},{\"_typeId\":4,\"_instanceId\":282},{\"_typeId\":4,\"_instanceId\":283},{\"_typeId\":4,\"_instanceId\":281},{\"_typeId\":4,\"_instanceId\":211},{\"_typeId\":4,\"_instanceId\":212},{\"_typeId\":4,\"_instanceId\":211},{\"_typeId\":4,\"_instanceId\":131},{\"_typeId\":4,\"_instanceId\":16},{\"_typeId\":4,\"_instanceId\":37},{\"_typeId\":4,\"_instanceId\":171},{\"_typeId\":4,\"_instanceId\":170},{\"_typeId\":3,\"_instanceId\":575},{\"_typeId\":3,\"_instanceId\":1008},{\"_typeId\":4,\"_instanceId\":298},{\"_typeId\":4,\"_instanceId\":300},{\"_typeId\":4,\"_instanceId\":301},{\"_typeId\":3,\"_instanceId\":1037},{\"_typeId\":3,\"_instanceId\":956},{\"_typeId\":4,\"_instanceId\":316},{\"_typeId\":4,\"_instanceId\":318},{\"_typeId\":4,\"_instanceId\":315},{\"_typeId\":3,\"_instanceId\":1083},{\"_typeId\":3,\"_instanceId\":1003},{\"_typeId\":3,\"_instanceId\":1082},{\"_typeId\":3,\"_instanceId\":807},{\"_typeId\":3,\"_instanceId\":806},{\"_typeId\":3,\"_instanceId\":497}]}"}}