{"Version":"0.0.0","Data":{"FreeFormStructureLinkerManager":"{\"_nodeLinkersData\":[],\"_builtLinkersData\":[null,null,null,{\"_typeId\":4,\"_instanceId\":38},{\"_typeId\":8,\"_instanceId\":16},{\"_typeId\":4,\"_instanceId\":37},null,null,null,{\"_typeId\":4,\"_instanceId\":35},null,null,null,null,null,null,null,null,{\"_typeId\":4,\"_instanceId\":36},{\"_typeId\":2,\"_instanceId\":3},null,null,null,null,null,null,null,null,null,{\"_typeId\":4,\"_instanceId\":9},{\"_typeId\":4,\"_instanceId\":3},null,null,null,{\"_typeId\":8,\"_instanceId\":28},{\"_typeId\":4,\"_instanceId\":6},{\"_typeId\":4,\"_instanceId\":6},{\"_typeId\":4,\"_instanceId\":9},{\"_typeId\":4,\"_instanceId\":67},{\"_typeId\":4,\"_instanceId\":21},{\"_typeId\":4,\"_instanceId\":1},{\"_typeId\":4,\"_instanceId\":22},{\"_typeId\":4,\"_instanceId\":9},null,null,null,null,{\"_typeId\":4,\"_instanceId\":7},{\"_typeId\":4,\"_instanceId\":4},{\"_typeId\":4,\"_instanceId\":7},{\"_typeId\":8,\"_instanceId\":26},{\"_typeId\":3,\"_instanceId\":173},null,null,null,null,null,null,null,null,null,null,null,null,null,null,null,null,null,null,null,{\"_typeId\":9,\"_instanceId\":6},{\"_typeId\":9,\"_instanceId\":5},null,null,null,null]}"}}